EVIMP1
256
-3.351 3.545 -1.787 58.073
-2.074 2.49 -1.255 59.165
-0.727 1.342 -0.68 59.979
0.268 0.732 -0.347 60.644
0.647 1.069 -0.44 61.24
1.023 1.412 -0.531 61.743
1.63 1.362 -0.549 62.292
2.414 1.014 -0.519 62.647
3.14 0.742 -0.464 62.862
3.514 0.829 -0.134 63.164
3.812 1.01 0.267 63.452
4.026 1.206 0.653 63.543
3.987 1.47 1.023 63.721
3.969 1.773 1.422 63.884
3.647 1.606 1.453 63.945
3.042 0.996 1.141 64
2.468 0.46 0.874 64.049
1.918 0.438 0.757 63.974
1.373 0.606 0.706 63.967
0.869 0.746 0.623 63.96
0.498 0.898 0.48 63.953
0.138 1.068 0.33 63.903
-0.225 1.062 0.193 63.877
-0.589 0.849 0.072 63.872
-0.957 0.651 -0.05 63.858
-1.52 0.476 -0.119 63.95
-2.192 0.313 -0.157 63.956
-2.77 0.16 -0.226 63.891
-3.006 0.055 -0.39 63.924
-3.191 -0.031 -0.602 63.827
-3.4 -0.21 -0.561 63.739
-3.624 -0.528 -0.143 63.748
-3.857 -0.845 0.271 63.676
-3.859 -1.068 0.226 63.693
-3.731 -1.245 -0.127 63.646
-3.572 -1.379 -0.355 63.565
-3.097 -1.199 -0.06 63.478
-2.543 -0.938 0.365 63.443
-2.096 -0.788 0.674 63.373
-1.828 -0.829 0.797 63.324
-1.567 -0.866 0.929 63.241
-1.239 -1.019 0.881 63.15
-0.865 -1.276 0.683 63.07
-0.474 -1.475 0.524 62.986
0.147 -1.168 0.588 62.968
0.858 -0.7 0.726 62.961
1.428 -0.324 0.817 62.914
1.661 -0.109 0.817 62.804
1.889 0.103 0.824 62.709
1.987 0.223 0.684 62.606
1.946 0.246 0.39 62.544
1.929 0.278 0.114 62.432
2.084 0.318 -0.069 62.326
2.339 0.366 -0.215 62.249
2.44 0.394 -0.356 62.143
2.051 0.355 -0.452 62.024
1.594 0.302 -0.547 61.914
1.301 0.304 -0.629 61.821
1.205 0.375 -0.693 61.726
1.1 0.444 -0.758 61.634
0.969 0.434 -0.686 61.517
0.831 0.392 -0.529 61.417
0.659 0.308 -0.446 61.314
0.302 0.002 -0.645 61.239
-0.089 -0.378 -0.935 61.203
-0.438 -0.487 -0.916 61.11
-0.727 -0.155 -0.401 61.003
-1.018 0.168 0.113 60.894
-1.298 0.498 0.409 60.856
-1.581 0.841 0.562 60.919
-1.828 1.139 0.702 61.041
-1.786 1.115 0.581 61.148
-1.681 1.003 0.408 61.159
-1.558 0.96 0.204 61.212
-1.366 1.024 -0.088 61.209
-1.17 1.103 -0.402 61.142
-1.022 1.02 -0.426 61.07
-0.91 0.791 -0.202 60.963
-0.814 0.598 0.006 60.895
-0.988 0.666 0.292 60.835
-1.264 0.856 0.631 60.774
-1.455 0.853 0.803 60.714
-1.454 0.348 0.516 60.678
-1.438 -0.21 0.171 60.653
-1.426 -0.584 0.103 60.598
-1.416 -0.765 0.335 60.616
-1.403 -0.955 0.543 60.609
-1.244 -0.904 0.604 60.657
-1.02 -0.752 0.612 60.624
-0.812 -0.603 0.554 60.525
-0.645 -0.409 0.204 60.466
-0.458 -0.184 -0.212 60.424
-0.464 -0.167 -0.382 60.377
-0.745 -0.444 -0.21 60.335
-1.018 -0.71 -0.055 60.329
-1.136 -0.878 0.153 60.228
-1.176 -1.001 0.391 60.153
-1.176 -1.073 0.618 60.128
-0.879 -0.812 0.797 60.097
-0.514 -0.472 0.979 60.02
-0.25 -0.253 1.084 59.942
-0.152 -0.23 1.039 59.93
-0.045 -0.217 1.002 59.928
-0.093 0.02 0.858 59.866
-0.262 0.434 0.634 59.865
-0.391 0.783 0.419 59.779
-0.271 0.72 0.195 59.689
-0.085 0.541 -0.028 59.601
0.111 0.385 -0.254 59.567
0.365 0.23 -0.472 59.515
0.626 0.072 -0.725 59.461
0.815 -0.028 -0.56 59.416
0.936 -0.073 0.011 59.33
1.06 -0.122 0.513 59.321
1.05 -0.116 0.481 59.337
1.015 -0.097 0.233 59.329
0.872 -0.045 0.074 59.28
0.353 0.12 0.087 59.223
-0.217 0.308 0.103 59.278
-0.605 0.38 0.261 59.294
-0.782 0.314 0.601 59.292
-0.972 0.255 0.928 59.254
-1.064 0.133 0.978 59.171
-1.115 -0.03 0.898 59.098
-1.152 -0.135 0.803 59.028
-1.104 -0.007 0.549 58.949
-1.023 0.159 0.259 58.886
-1.098 0.293 0.077 58.79
-1.413 0.389 0.06 58.723
-1.725 0.483 0.034 58.631
-1.9 0.63 0.1 58.528
-1.986 0.812 0.222 58.416
-2.083 0.987 0.335 58.338
-2.161 1.143 0.433 58.239
-2.241 1.305 0.533 58.135
-2.299 1.407 0.59 58.028
-2.31 1.385 0.555 57.936
-2.322 1.364 0.521 57.836
-2.327 1.322 0.47 57.771
-2.327 1.263 0.404 57.694
-2.326 1.205 0.34 57.622
-2.308 1.142 0.281 57.526
-2.279 1.075 0.225 57.448
-2.282 1.026 0.166 57.391
-2.349 1.01 0.101 57.319
-2.467 1.027 0.035 57.251
-2.092 0.718 -0.017 57.182
-1.203 0.065 -0.055 57.079
-0.355 -0.549 -0.089 56.984
0.477 -0.805 0.035 56.869
1.339 -0.93 0.224 56.761
1.986 -0.977 0.404 56.651
1.824 -0.639 0.577 56.533
1.59 -0.253 0.778 56.425
1.256 0.032 0.726 56.319
0.761 0.193 0.332 56.228
0.275 0.359 -0.044 56.117
-0.135 0.493 -0.174 56.006
-0.514 0.61 -0.168 55.922
-0.843 0.734 -0.178 55.816
-0.891 0.866 -0.16 55.728
-0.869 1.022 -0.144 55.628
-1.011 1.032 -0.098 55.532
-1.411 0.791 0 55.42
-1.816 0.551 0.095 55.318
-2.064 0.381 0.255 55.213
-2.213 0.256 0.468 55.11
-2.331 0.145 0.645 55.018
-2.092 0.183 0.589 54.905
-1.747 0.268 0.466 54.789
-1.529 0.278 0.405 54.689
-1.561 0.129 0.447 54.591
-1.595 -0.017 0.507 54.483
-1.71 -0.259 0.39 54.378
-1.904 -0.594 0.111 54.28
-2.071 -0.906 -0.135 54.164
-1.941 -0.997 -0.129 54.057
-1.716 -1.022 -0.03 53.957
-1.46 -0.996 0.037 53.87
-1.051 -0.773 0.067 53.757
-0.626 -0.529 0.085 53.674
-0.281 -0.36 0.16 53.564
-0.028 -0.272 0.299 53.472
0.232 -0.177 0.43 53.369
0.355 -0.003 0.328 53.261
0.428 0.22 0.117 53.158
0.469 0.375 -0.068 53.065
0.346 0.283 -0.221 52.971
0.197 0.141 -0.37 52.87
0.095 0.123 -0.499 52.782
0.056 0.274 -0.592 52.679
0.011 0.421 -0.689 52.564
0.24 0.523 -0.729 52.452
0.649 0.607 -0.753 52.399
0.968 0.653 -0.705 52.285
0.873 0.457 -0.209 52.192
0.703 0.2 0.405 52.067
0.484 0.039 0.81 51.992
0.139 0.04 0.846 51.884
-0.216 0.044 0.892 51.774
-0.351 0.008 0.753 51.684
-0.317 -0.054 0.466 51.613
-0.303 -0.129 0.213 51.504
-0.323 -0.333 0.129 51.424
-0.326 -0.604 0.091 51.346
-0.497 -0.698 0.069 51.257
-1.072 -0.38 0.11 51.156
-1.711 -0.02 0.157 51.092
-1.83 0.066 0.157 50.987
-1.439 -0.114 0.114 50.87
-1.099 -0.264 0.065 50.764
-0.839 -0.308 -0.161 50.658
-0.615 -0.299 -0.484 50.568
-0.405 -0.331 -0.646 50.48
-0.269 -0.459 -0.32 50.391
-0.133 -0.623 0.089 50.32
-0.053 -0.555 0.167 50.236
-0.045 -0.2 -0.158 50.145
-0.034 0.138 -0.458 50.09
-0.171 0.321 -0.427 50.017
-0.396 0.425 -0.216 49.942
-0.541 0.529 -0.072 50.011
-0.364 0.586 -0.118 50.01
-0.124 0.619 -0.202 49.935
0.028 0.79 -0.243 49.86
0.056 1.177 -0.227 49.778
0.095 1.571 -0.213 49.713
-0.119 1.632 -0.17 49.63
-0.515 1.481 -0.104 49.565
-0.817 1.328 -0.065 49.494
-0.615 0.968 -0.191 49.438
-0.292 0.547 -0.372 49.406
-0.004 0.239 -0.444 49.336
0.255 0.156 -0.302 49.309
0.528 0.071 -0.155 49.236
0.549 0.047 -0.039 49.181
0.352 0.077 0.052 49.117
0.197 0.091 0.142 49.066
0.28 -0.049 0.162 48.982
0.445 -0.233 0.177 48.911
0.582 -0.442 0.102 48.813
0.673 -0.749 -0.224 48.717
0.783 -1.067 -0.595 48.673
0.674 -1.32 -0.66 48.589
0.331 -1.504 -0.4 48.492
0.001 -1.687 -0.162 48.43
-0.466 -1.661 0.147 48.354
-1.007 -1.532 0.505 48.268
-1.447 -1.486 0.749 48.166
-1.531 -1.676 0.572 48.062
-1.592 -1.922 0.352 47.982
-1.513 -1.952 0.091 47.911
-1.225 -1.694 -0.245 47.81
-0.947 -1.451 -0.579 47.736
-0.879 -1.205 -0.637 47.648
-0.929 -0.965 -0.544 47.626
-0.971 -0.704 -0.451 47.527
-1.049 -0.327 -0.241 47.456
-1.162 0.077 0.004 47.354
-1.065 0.432 0.133 47.273
-0.602 0.7 0.06 47.189
-0.125 0.986 -0.007 47.105
0.011 0.929 -0.099 47.002
-0.093 0.618 -0.201 46.891
-0.195 0.367 -0.328 46.794
-0.511 0.35 -0.655 46.71
-0.921 0.402 -1.075 46.673
-1.078 0.425 -1.255 46.647
-0.666 0.408 -0.902 46.556
-0.233 0.393 -0.527 46.457
0.136 0.32 -0.222 46.367
0.452 0.19 0.03 46.258
0.761 0.076 0.267 46.163
0.844 0.118 0.188 46.081
0.859 0.231 -0.021 45.982
0.827 0.26 -0.124 45.914
0.604 0.061 0.033 45.807
0.369 -0.165 0.221 45.739
0.129 -0.321 0.337 45.646
-0.121 -0.398 0.376 45.569
-0.369 -0.482 0.416 45.483
-0.509 -0.677 0.243 45.402
-0.596 -0.942 -0.041 45.305
-0.705 -1.118 -0.252 45.186
-0.869 -0.953 -0.226 45.086
-1.057 -0.727 -0.16 44.996
-1.127 -0.606 -0.132 44.917
-1.017 -0.629 -0.149 44.83
-0.916 -0.646 -0.165 44.711
-0.707 -0.752 -0.18 44.646
-0.43 -0.924 -0.189 44.534
-0.178 -1.042 -0.217 44.441
-0.044 -0.882 -0.359 44.37
0.073 -0.639 -0.539 44.318
0.141 -0.565 -0.627 44.236
0.1 -0.791 -0.543 44.132
0.055 -1.044 -0.456 44.05
0.079 -0.853 -0.402 43.941
0.163 -0.3 -0.374 43.839
0.218 0.174 -0.344 43.736
0.038 0.211 -0.343 43.637
-0.224 0.119 -0.342 43.558
-0.407 0.016 -0.386 43.474
-0.419 -0.181 -0.54 43.401
-0.425 -0.392 -0.729 43.34
-0.404 -0.476 -0.593 43.221
-0.353 -0.43 -0.128 43.153
-0.309 -0.405 0.3 43.086
-0.35 -0.545 0.491 43.016
-0.432 -0.775 0.599 42.911
-0.48 -0.885 0.644 42.82
-0.424 -0.62 0.407 42.758
-0.361 -0.304 0.137 42.764
-0.265 -0.09 -0.07 42.711
-0.121 0.005 -0.205 42.622
0.02 0.106 -0.344 42.554
0.288 -0.027 -0.481 42.453
0.637 -0.303 -0.631 42.375
0.908 -0.464 -0.721 42.326
0.843 -0.156 -0.523 42.246
0.715 0.243 -0.263 42.168
0.644 0.536 -0.12 42.119
0.642 0.681 -0.157 42.075
0.645 0.833 -0.188 42.017
0.482 0.846 -0.316 41.969
0.197 0.764 -0.519 41.917
-0.036 0.698 -0.674 41.828
0.011 0.654 -0.535 41.75
0.131 0.616 -0.318 41.679
0.224 0.579 -0.145 41.646
0.286 0.542 -0.027 41.585
0.363 0.513 0.073 41.566
0.21 0.376 0.391 41.563
-0.145 0.149 0.907 41.554
-0.473 -0.085 1.362 41.49
-0.676 -0.505 1.222 41.525
-0.851 -1.018 0.885 41.528
-0.944 -1.344 0.568 41.455
-0.775 -1.16 0.217 41.517
-0.581 -0.936 -0.171 41.512
-0.472 -0.764 -0.176 41.448
-0.452 -0.637 0.251 41.409
-0.43 -0.516 0.637 41.406
-0.537 -0.758 0.657 41.44
-0.708 -1.176 0.515 41.402
-0.837 -1.485 0.371 41.349
-0.84 -1.458 0.103 41.317
-0.824 -1.398 -0.18 41.285
-0.825 -1.265 -0.441 41.221
-0.843 -1.012 -0.673 41.142
-0.862 -0.764 -0.91 41.16
-0.861 -0.619 -0.978 41.173
-0.86 -0.529 -0.95 41.155
-0.811 -0.461 -0.935 41.075
-0.472 -0.574 -0.906 41.037
-0.077 -0.729 -0.892 41.006
0.292 -0.814 -0.77 40.974
0.63 -0.775 -0.453 40.946
0.981 -0.759 -0.118 40.882
1.065 -0.311 -0.146 40.853
0.948 0.474 -0.452 40.826
0.862 1.163 -0.69 40.749
0.855 1.327 -0.612 40.751
0.86 1.358 -0.438 40.742
0.933 1.325 -0.3 40.743
1.164 1.056 -0.201 40.728
1.443 0.787 -0.107 40.707
1.215 0.462 0.009 40.698
0.498 0.071 0.144 40.656
-0.152 -0.28 0.273 40.606
-0.386 -0.063 0.309 40.591
-0.482 0.397 0.317 40.568
-0.481 0.665 0.3 40.509
-0.089 0.434 0.18 40.504
0.386 0.158 0.053 40.456
0.375 -0.118 -0.08 40.436
-0.219 -0.41 -0.223 40.345
-0.777 -0.699 -0.365 40.305
-1.24 -0.881 -0.356 40.25
-1.678 -1.009 -0.271 40.191
-1.994 -1.151 -0.208 40.146
-1.718 -1.308 -0.188 40.123
-1.344 -1.478 -0.174 40.06
-1.076 -1.576 -0.168 40
-0.941 -1.557 -0.178 39.967
-0.805 -1.548 -0.186 39.96
-0.637 -1.348 -0.178 39.935
-0.448 -1.027 -0.155 39.873
-0.266 -0.722 -0.153 39.858
-0.129 -0.423 -0.272 39.839
0.024 -0.116 -0.432 39.757
0.02 0.126 -0.508 39.685
-0.303 0.239 -0.425 39.657
-0.644 0.34 -0.342 39.571
-0.732 0.625 -0.237 39.527
-0.617 1.072 -0.116 39.519
-0.508 1.453 0.006 39.483
-0.194 1.246 0.145 39.466
0.179 0.855 0.3 39.451
0.539 0.515 0.395 39.489
0.878 0.224 0.337 39.445
1.247 -0.073 0.266 39.427
1.283 -0.257 0.239 39.406
0.969 -0.325 0.255 39.458
0.682 -0.396 0.266 39.442
0.327 -0.272 0.233 39.553
-0.067 -0.065 0.181 39.583
-0.372 0.104 0.135 39.576
-0.375 0.171 0.099 39.528
-0.319 0.239 0.067 39.477
-0.493 0.206 0.023 39.567
-0.963 0.033 -0.034 39.572
-1.42 -0.134 -0.09 39.56
-1.282 0.005 -0.36 39.581
-0.797 0.314 -0.766 39.538
-0.454 0.585 -1.061 39.473
-0.578 0.75 -0.866 39.455
-0.808 0.946 -0.58 39.531
-0.887 0.796 -0.355 39.525
-0.74 0.048 -0.206 39.485
-0.59 -0.711 -0.048 39.578
-0.579 -0.986 -0.133 39.649
-0.669 -0.921 -0.402 39.654
-0.734 -0.896 -0.594 39.62
-0.699 -0.839 -0.362 39.586
-0.637 -0.772 -0.001 39.676
-0.581 -0.757 0.227 39.628
-0.524 -0.851 0.211 39.585
-0.464 -0.966 0.176 39.619
-0.45 -0.846 0.295 39.527
-0.48 -0.513 0.555 39.654
-0.499 -0.208 0.781 39.63
-0.41 -0.026 0.694 39.567
-0.292 0.124 0.503 39.645
-0.138 0.207 0.296 39.609
0.143 0.069 -0.009 39.618
0.446 -0.102 -0.347 39.604
0.612 -0.098 -0.411 39.642
0.624 0.103 -0.161 39.643
0.646 0.29 0.064 39.626
0.586 0.35 0.157 39.662
0.492 0.367 0.18 39.624
0.391 0.317 0.239 39.688
0.238 -0.046 0.386 39.697
0.071 -0.46 0.567 39.651
-0.038 -0.785 0.589 39.708
-0.062 -0.991 0.383 39.711
-0.09 -1.211 0.185 39.759
0.008 -1.022 0.026 39.846
0.194 -0.591 -0.114 39.802
0.313 -0.187 -0.231 39.988
0.094 0.228 -0.189 40.063
-0.201 0.687 -0.106 40.17
-0.44 0.848 -0.092 40.207
-0.601 0.444 -0.191 40.214
-0.769 0.029 -0.307 40.158
-0.807 -0.162 -0.141 40.115
-0.743 -0.18 0.244 40.144
-0.697 -0.222 0.589 40.124
-0.705 -0.286 0.744 40.197
-0.737 -0.37 0.876 40.154
-0.722 -0.398 0.825 40.264
-0.605 -0.288 0.302 40.437
-0.472 -0.179 -0.273 40.439
-0.456 0.008 -0.467 40.467
-0.552 0.278 -0.291 40.581
-0.638 0.525 -0.153 40.622
-0.68 0.474 -0.096 40.614
-0.73 0.299 -0.077 40.603
-0.651 0.178 -0.048 40.683
-0.144 0.172 -0.013 40.823
0.45 0.171 0.034 41.1
0.617 0.239 -0.016 41.364
0.259 0.398 -0.19 41.489
-0.07 0.549 -0.358 41.571
-0.428 0.247 -0.474 41.756
-0.83 -0.306 -0.591 41.74
-1.072 -0.733 -0.591 41.774
-0.586 -0.738 -0.042 41.812
0.057 -0.677 0.622 41.829
0.357 -0.597 1.055 41.861
0.143 -0.464 1.141 41.927
-0.059 -0.324 1.246 41.995
-0.304 -0.469 1.048 41.983
-0.577 -0.811 0.645 42.019
-0.835 -1.097 0.3 42.083
-1.004 -1.181 0.188 42.01
-1.159 -1.206 0.111 41.98
-1.268 -1.298 0.162 41.904
-1.268 -1.501 0.506 41.886
-1.27 -1.717 0.874 41.849
-1.257 -1.78 0.908 41.832
-1.238 -1.721 0.663 41.789
-1.204 -1.654 0.44 41.775
-0.961 -1.307 0.141 41.736
-0.648 -0.875 -0.191 41.724
-0.375 -0.442 -0.451 41.686
-0.18 0.033 -0.51 41.693
0.014 0.537 -0.578 41.675
0.167 0.767 -0.448 41.736
0.276 0.703 -0.103 41.727
0.385 0.662 0.228 41.731
0.364 0.604 0.584 41.733
0.285 0.541 0.988 41.791
0.225 0.488 1.201 41.756
0.194 0.469 0.694 41.743
0.175 0.46 0.09 41.714
0.092 0.391 -0.388 41.812
-0.08 0.239 -0.719 41.953
-0.25 0.089 -1.061 41.935
-0.179 0.249 -0.968 42.006
0.026 0.598 -0.626 42.031
0.211 0.863 -0.345 42.119
0.377 0.799 -0.198 42.12
0.562 0.679 -0.075 42.184
0.572 0.534 0.027 42.27
0.267 0.319 0.081 42.306
-0.042 0.099 0.138 42.376
-0.165 0.032 0.182 42.625
-0.145 0.077 0.222 42.93
-0.168 0.109 0.25 43.094
-0.391 0.153 0.139 43.371
-0.691 0.195 0.016 43.539
-0.852 0.254 -0.235 43.871
-0.711 0.346 -0.784 44.054
-0.562 0.456 -1.385 44.155
-0.384 0.357 -1.443 44.278
-0.169 0.068 -1 44.417
0.016 -0.214 -0.602 44.683
-0.194 -0.665 -0.167 44.86
-0.578 -1.198 0.305 45.105
-0.769 -1.591 0.62 45.214
-0.434 -1.572 0.452 45.358
-0.062 -1.534 0.235 45.47
0.37 -1.379 0.136 45.53
0.889 -1.075 0.166 45.721
1.397 -0.787 0.188 45.92
1.39 -0.869 0.219 45.925
1.149 -1.139 0.255 46.02
0.906 -1.337 0.276 46.223
0.503 -1.333 0.234 46.275
0.052 -1.332 0.186 46.382
-0.167 -1.089 0.113 46.483
-0.037 -0.471 0 46.586
0.081 0.143 -0.114 46.693
0.144 0.403 -0.061 46.813
0.172 0.458 0.108 46.998
0.194 0.476 0.21 47.122
0.141 0.067 -0.027 47.291
0.072 -0.449 -0.335 47.36
0.018 -0.801 -0.65 47.488
-0.021 -0.866 -1 47.692
-0.04 -0.929 -1.378 47.708
-0.372 -0.99 -1.253 47.947
-0.956 -1.053 -0.718 48.21
-1.49 -1.101 -0.266 48.39
-1.731 -0.994 -0.214 48.54
-1.923 -0.827 -0.282 48.696
-1.904 -0.742 -0.345 48.985
-1.303 -0.829 -0.454 49.09
-0.648 -0.959 -0.573 49.201
-0.303 -0.718 -0.574 49.329
-0.267 -0.096 -0.454 49.409
-0.195 0.472 -0.346 49.461
0.089 0.569 -0.242 49.524
0.473 0.47 -0.146 49.572
0.784 0.408 -0.03 49.61
0.884 0.347 0.148 49.618
0.978 0.293 0.339 49.685
0.936 0.209 0.468 49.837
0.708 0.089 0.519 49.911
0.493 -0.03 0.576 49.948
0.482 -0.061 0.673 50.071
0.596 -0.054 0.806 50.198
0.624 -0.015 0.873 50.255
0.324 0.207 0.635 50.33
-0.053 0.484 0.33 50.453
-0.272 0.574 0.148 50.493
-0.243 0.364 0.153 50.6
-0.226 0.158 0.152 50.633
0 -0.014 0.229 50.643
0.386 -0.168 0.365 50.662
0.676 -0.299 0.462 50.737
0.39 -0.259 0.327 50.774
-0.046 -0.152 0.12 50.845
-0.406 -0.208 0.019 50.923
-0.663 -0.601 0.122 51.009
-0.93 -1.007 0.235 51.12
-1.011 -1.335 0.272 51.288
-0.929 -1.601 0.25 51.282
-0.868 -1.863 0.217 51.34
-0.86 -1.992 -0.019 51.516
-0.87 -2.076 -0.348 51.639
-0.889 -2.177 -0.518 51.611
-0.943 -2.3 -0.27 51.569
-1.007 -2.433 0.015 51.73
-0.996 -2.495 0.229 51.822
-0.903 -2.48 0.377 51.807
-0.811 -2.467 0.523 51.808
-0.456 -2.243 0.395 51.846
0.027 -1.937 0.137 51.91
0.424 -1.599 -0.05 51.981
0.552 -1.084 -0.048 51.963
0.65 -0.529 0.006 51.955
0.721 -0.132 -0.154 52.036
0.74 0.046 -0.607 52.048
0.766 0.237 -1.054 52.132
0.671 0.146 -1.151 52.204
0.517 -0.125 -1.061 52.251
0.335 -0.289 -0.923 52.215
-0.053 0.013 -0.363 52.229
-0.504 0.427 0.305 52.261
-0.786 0.687 0.745 52.352
-0.773 0.708 0.791 52.291
-0.762 0.713 0.85 52.312
-0.757 1 0.684 52.261
-0.761 1.499 0.342 52.296
-0.747 1.96 0.05 52.283
-0.574 2.294 -0.013 52.236
-0.349 2.594 0.016 52.24
-0.178 2.872 -0.117 52.228
-0.124 3.073 -0.594 52.211
-0.06 3.278 -1.118 52.21
-0.168 3.423 -1.249 52.192
-0.443 3.519 -1.007 52.169
-0.696 3.591 -0.799 52.149
-0.829 3.151 -0.543 52.12
-0.92 2.503 -0.273 52.144
-0.991 1.979 -0.022 52.095
-0.969 1.73 0.164 52.114
-0.943 1.538 0.361 52.086
-0.892 1.081 0.412 52.137
-0.808 0.31 0.284 52.151
-0.726 -0.44 0.17 52.134
-0.489 -0.964 0.314 52.084
-0.174 -1.381 0.595 52.023
0.107 -1.786 0.818 52.057
0.28 -2.064 0.857 52.108
0.436 -2.311 0.884 52.093
0.593 -2.677 0.79 52.151
0.74 -3.218 0.495 52.22
0.891 -3.766 0.198 52.304
0.955 -3.975 0.197 52.366
0.969 -3.977 0.396 52.471
0.969 -3.971 0.523 52.611
0.831 -3.699 0.351 52.668
0.653 -3.389 0.094 52.634
0.54 -2.985 -0.056 52.659
0.536 -2.369 -0.023 52.639
0.55 -1.739 0.018 52.577
0.308 -1.34 -0.023 52.536
-0.152 -1.131 -0.127 52.532
-0.56 -0.908 -0.238 52.58
-0.644 -0.794 -0.499 52.568
-0.619 -0.705 -0.827 52.617
-0.648 -0.638 -1.025 52.7
-0.763 -0.653 -0.895 52.761
-0.889 -0.66 -0.752 52.762
-0.987 -0.78 -0.553 52.747
-1.061 -1.024 -0.289 52.747
-1.131 -1.244 -0.033 52.826
-1.064 -1.074 0.168 52.887
-0.927 -0.731 0.356 53.001
-0.869 -0.463 0.486 53.064
-1.053 -0.356 0.373 53.295
-1.289 -0.278 0.256 53.527
-1.324 -0.126 -0.03 53.654
-1.1 0.119 -0.551 53.897
-0.889 0.358 -1.061 53.97
-0.594 0.933 -1.171 53.966
-0.246 1.709 -1.056 53.997
0.058 2.366 -0.997 54.163
0.158 2.548 -1.046 54.144
0.241 2.644 -1.137 54.171
0.209 2.765 -1.096 54.238
-0.034 2.892 -0.839 54.235
-0.28 3.022 -0.579 54.256
-0.384 3.153 -0.441 54.296
-0.392 3.296 -0.388 54.312
-0.399 3.388 -0.329 54.284
-0.288 3.072 -0.332 54.276
-0.147 2.648 -0.339 54.292
-0.021 2.277 -0.403 54.302
0.077 1.971 -0.597 54.401
0.193 1.684 -0.809 54.497
0.058 1.208 -0.818 54.621
-0.311 0.567 -0.65 54.572
-0.627 -0.072 -0.483 54.566
-0.467 -0.908 -0.076 54.543
-0.143 -1.83 0.425 54.574
0.167 -2.635 0.836 54.567
0.509 -3.11 1.009 54.565
0.89 -3.588 1.191 54.606
0.889 -3.818 1.118 54.67
0.447 -3.756 0.748 54.656
0.037 -3.717 0.402 54.692
-0.36 -3.552 0.172 54.692
-0.749 -3.344 -0.004 54.679
-1.126 -3.105 -0.169 54.637
-1.444 -2.706 -0.244 54.569
-1.758 -2.28 -0.307 54.502
-2.054 -1.916 -0.385 54.476
-2.318 -1.639 -0.481 54.468
-2.59 -1.355 -0.579 54.438
-2.572 -1.204 -0.658 54.415
-2.385 -1.129 -0.74 54.357
-2.209 -1.049 -0.769 54.328
-1.955 -1.008 -0.479 54.263
-1.679 -0.966 -0.113 54.274
-1.476 -0.971 0.152 54.224
-1.404 -1.058 0.251 54.16
-1.344 -1.17 0.353 54.156
-1.088 -0.834 0.367 54.133
-0.683 -0.148 0.31 54.066
-0.29 0.479 0.272 54.011
0.148 0.918 0.325 53.98
0.62 1.312 0.423 53.997
0.946 1.631 0.417 53.934
0.909 1.732 0.173 53.892
0.86 1.824 -0.103 53.857
0.781 1.924 -0.138 53.884
0.665 2.028 0.065 53.91
0.569 2.138 0.235 53.852
0.774 2.36 0.162 53.79
1.118 2.632 0 53.706
1.336 2.863 -0.184 53.687
1.198 2.962 -0.484 53.693
1.031 3.077 -0.827 53.656
0.816 2.96 -0.877 53.604
0.528 2.546 -0.563 53.564
0.247 2.153 -0.27 53.505
0.041 1.808 -0.014 53.572
-0.122 1.5 0.232 53.573
-0.313 1.154 0.421 53.745
-0.608 0.657 0.336 53.974
-0.925 0.125 0.191 54.074
-1.202 -0.329 0.172 54.122
-1.419 -0.668 0.34 54.211
-1.645 -1.011 0.502 54.191
-1.707 -1.281 0.777 54.296
-1.675 -1.497 1.144 54.342
-1.603 -1.739 1.429 54.343
-1.173 -2.095 1.223 54.408
-0.63 -2.502 0.884 54.506
-0.297 -2.769 0.675 54.513
-0.382 -2.75 0.685 54.491
-0.459 -2.735 0.712 54.545
-0.745 -2.59 0.549 54.527
-1.219 -2.322 0.226 54.56
-1.636 -2.106 -0.076 54.558
-1.581 -2.37 -0.3 54.52
-1.378 -2.817 -0.524 54.465
-1.178 -3.082 -0.61 54.488
-0.903 -2.918 -0.307 54.464
-0.632 -2.738 0.044 54.452
-0.305 -2.43 0.14 54.506
0.083 -1.971 -0.032 54.462
0.462 -1.529 -0.187 54.449
0.654 -1.222 -0.448 55.166
0.781 -0.972 -0.774 56.062
0.839 -0.724 -0.981 57.34
0.581 -0.54 -0.759 57.915
0.279 -0.341 -0.485 58.75
0.063 -0.298 -0.238 59.698
-0.045 -0.472 -0.012 59.969
-0.158 -0.639 0.216 59.924
-0.196 -0.459 0.327 59.912
-0.191 -0.077 0.385 59.956
-0.202 0.258 0.4 60.173
-0.257 0.495 0.134 60.111
-0.336 0.717 -0.195 60.13
-0.31 0.898 -0.412 60.085
-0.104 0.99 -0.443 60.184
0.106 1.094 -0.489 60.226
0.231 1.008 -0.27 60.259
0.305 0.784 0.15 60.415
0.35 0.579 0.507 60.457
0.09 0.359 0.542 60.386
-0.249 0.149 0.486 60.351
-0.572 -0.121 0.461 60.341
-0.884 -0.519 0.469 60.324
-1.215 -0.948 0.47 60.263
-1.287 -1.039 0.599 60.18
-1.115 -0.819 0.858 60.105
-0.979 -0.629 1.066 60.034
-1.002 -0.461 0.666 60.009
-1.106 -0.293 0.026 59.909
-1.099 -0.192 -0.472 59.844
-0.786 -0.322 -0.653 59.807
-0.434 -0.452 -0.815 59.739
-0.211 -0.741 -0.895 59.657
-0.133 -1.227 -0.873 59.575
-0.046 -1.694 -0.853 59.476
-0.154 -1.748 -0.461 59.426
-0.348 -1.604 0.126 59.361
-0.544 -1.495 0.589 59.314
-0.806 -1.407 0.653 59.266
-1.089 -1.309 0.649 59.197
-1.272 -1.34 0.716 59.097
-1.304 -1.57 0.865 59.027
-1.349 -1.798 1.022 58.964
-1.061 -1.858 0.863 58.892
-0.557 -1.825 0.515 58.824
-0.131 -1.747 0.171 58.745
-0.011 -1.278 -0.281 58.646
0.033 -0.726 -0.807 58.555
0.142 -0.207 -0.982 58.473
0.351 0.274 -0.476 58.508
0.561 0.77 0.043 58.475
0.781 0.996 0.36 58.503
1.017 1.009 0.521 58.459
1.219 1.045 0.689 58.469
1.045 1.107 0.716 58.477
0.777 1.148 0.725 58.409
0.438 1.365 0.626 58.406
-0.125 2.036 0.233 58.339
-0.73 2.755 -0.186 58.29
-0.99 3.192 -0.47 58.3
-0.907 3.355 -0.626 58.24
-0.846 3.52 -0.776 58.161
-0.608 3.14 -0.532 58.16
-0.296 2.546 -0.123 58.1
-0.039 1.989 0.216 58.027
0.047 1.445 0.404 57.981
0.141 0.87 0.581 57.914
0.018 0.605 0.696 57.84
-0.393 0.746 0.725 57.749
-0.787 0.864 0.761 57.708
-1.081 0.621 0.62 57.636
-1.321 0.178 0.386 57.564
-1.557 -0.207 0.176 57.466
-1.713 -0.433 0.024 57.41
-1.867 -0.654 -0.135 57.352
-1.956 -0.716 -0.172 57.257
-1.929 -0.505 -0.006 57.21
-1.909 -0.288 0.163 57.171
-1.814 -0.351 0.143 57.08
-1.674 -0.604 -0.015 57.036
-1.518 -0.835 -0.118 56.979
-1.21 -1.065 0.049 56.919
-0.845 -1.317 0.296 56.865
-0.615 -1.424 0.453 56.772
-0.663 -1.215 0.441 56.743
-0.721 -0.991 0.427 56.671
-0.714 -0.906 0.4 56.657
-0.661 -0.94 0.359 56.596
-0.578 -0.966 0.327 56.551
-0.037 -1.009 0.391 56.523
0.676 -1.078 0.49 56.474
1.245 -1.031 0.57 56.411
1.477 -0.646 0.606 56.321
1.696 -0.25 0.653 56.263
1.791 0.254 0.558 56.215
1.74 0.889 0.302 56.144
1.705 1.501 0.064 56.063
1.863 1.587 0.064 56.036
2.11 1.439 0.178 56.014
2.331 1.328 0.244 55.988
2.484 1.207 0.184 56.031
2.659 1.087 0.128 55.985
2.596 0.983 -0.091 55.966
2.186 0.904 -0.545 56.147
1.802 0.821 -0.995 56.123
0.891 0.853 -1.007 56.144
-0.326 0.959 -0.761 56.109
-1.485 1.018 -0.56 56.116
-2.541 0.838 -0.415 56.142
-3.617 0.637 -0.272 56.137
-4.404 0.286 -0.222 56.19
-4.638 -0.358 -0.347 56.224
-4.902 -1.009 -0.486 56.309
-4.736 -1.45 -0.337 56.387
-4.248 -1.731 0.033 56.374
-3.816 -2.045 0.355 56.324
-3.53 -2.475 0.471 56.366
-3.284 -2.952 0.532 56.504
-3.064 -3.353 0.575 56.641
-2.925 -3.585 0.539 56.851
-2.802 -3.81 0.505 57.092
-2.519 -4.057 0.433 57.202
-2.086 -4.331 0.325 58.139
-1.665 -4.575 0.223 58.115
-1.187 -4.259 0.193 58.377
-0.699 -3.741 0.177 58.411
-0.173 -3.227 0.229 58.64
0.476 -2.618 0.512 59.012
1.154 -1.975 0.837 59.608
1.678 -1.593 0.957 60.033
2.018 -1.53 0.835 60.595
2.368 -1.446 0.728 61.159
2.279 -1.375 0.57 61.723
1.969 -1.309 0.389 62.367
1.738 -1.229 0.223 62.66
1.72 -1.054 0.124 62.994
1.714 -0.915 0.008 63.488
1.882 -0.424 0.096 63.612
2.333 0.625 0.506 63.788
2.787 1.662 0.919 63.964
2.849 2.559 0.91 64.318
2.665 3.392 0.631 64.696
2.493 4.12 0.388 65.286
2.155 4.065 0.143 65.993
1.797 3.834 -0.103 66.682
1.377 3.669 -0.313 67.09
0.818 3.567 -0.443 67.37
0.263 3.453 -0.58 67.453
-0.361 3.583 -0.592 67.444
-1.042 3.917 -0.493 67.418
-1.712 4.212 -0.436 67.414
-2.3 4.257 -0.693 67.453
-2.884 4.256 -1.088 67.51
-3.349 4.093 -1.238 67.545
-3.475 3.441 -0.783 67.512
-3.586 2.787 -0.286 67.411
-3.679 1.901 0.14 67.373
-3.748 0.762 0.508 67.344
-3.817 -0.344 0.864 67.408
-3.764 -1.131 0.742 67.453
-3.664 -1.78 0.417 67.563
-3.565 -2.457 0.159 67.664
-3.411 -3.118 0.035 67.797
-3.305 -3.821 -0.102 67.871
-2.777 -4.195 0.018 67.951
-1.682 -4.126 0.487 67.972
-0.617 -4.083 0.939 68.021
0.219 -4.034 1.269 68.186
0.927 -4.006 1.549 68.359
1.64 -3.893 1.746 68.586
2.245 -3.356 1.438 68.74
2.871 -2.717 1.057 68.995
3.256 -2.299 0.618 69.214
3.219 -2.234 0.052 69.403
3.19 -2.166 -0.527 69.536
3.14 -2.084 -0.739 69.641
3.074 -2.008 -0.703 69.749
3.025 -1.869 -0.659 69.833
3.049 -1.244 -0.344 69.838
3.149 -0.474 0.099 69.818
2.906 0.145 0.158 69.792
1.908 0.482 -0.594 69.713
0.862 0.804 -1.427 69.644
0.215 1.23 -1.47 69.547
-0.071 1.758 -0.81 69.468
-0.42 2.237 -0.223 69.423
-1.125 2.108 0.282 69.414
-1.997 1.773 0.781 69.432
-2.641 1.449 1.118 69.498
-2.661 1.048 0.956 69.533
-2.658 0.625 0.741 69.594
-2.428 0.405 0.712 69.539
-1.918 0.422 0.89 69.599
-1.445 0.413 1.047 69.578
-1.515 0.124 0.835 69.517
-1.898 -0.326 0.441 69.437
-1.957 -0.618 0.123 69.439
-0.891 -0.359 0.004 69.374
0.394 -0.005 -0.097 69.311
1.157 0.189 -0.119 69.258
1.202 0.176 -0.016 69.215
1.283 0.16 0.085 69.151
1.067 0.632 0.122 69.11
0.698 1.41 0.136 69.032
0.287 2.091 0.086 68.924
-0.503 2.424 -0.368 68.867
-1.402 2.697 -0.939 68.802
-2.052 2.881 -1.254 68.737
-2.254 2.854 -1.109 68.667
-2.473 2.849 -0.98 68.612
-2.383 2.561 -0.53 68.532
-2.053 2.081 0.183 68.467
-1.761 1.537 0.806 68.421
-1.49 0.147 0.845 68.372
-1.281 -1.525 0.701 68.417
-0.789 -2.894 0.666 68.493
0.393 -3.621 0.808 68.743
1.637 -4.32 0.971 69.215
2.514 -5.012 1.029 69.38
3.042 -5.699 0.986 69.656
3.582 -6.347 0.959 70.189
3.621 -6.066 0.965 70.276
3.507 -5.438 1.036 70.36
3.252 -4.824 0.863 70.416
2.406 -4.022 -0.086 70.462
1.507 -3.247 -1.183 70.428
0.646 -2.159 -1.599 70.414
-0.182 -0.676 -1.18 70.418
-1.013 0.782 -0.811 70.393
-1.509 1.496 -0.366 70.351
-1.857 1.826 0.112 70.283
-2.133 2.23 0.565 70.258
-1.944 2.653 0.901 70.28
-1.669 3.144 1.257 70.244
-1.526 3.23 1.344 70.245
-1.569 2.668 0.992 70.155
-1.609 2.113 0.644 70.114
-1.652 1.941 0.503 70.083
-1.703 2.058 0.503 70.021
-1.725 2.006 0.472 69.973
-1.567 1.012 0.361 69.919
-1.347 -0.228 0.218 69.843
-1.252 -1.284 0.134 69.789
-1.4 -2.057 0.161 69.711
-1.551 -2.803 0.196 69.64
-1.728 -3.873 0.134 69.565
-1.939 -5.235 -0.01 69.523
-2.101 -6.495 -0.148 69.445
-1.639 -6.801 -0.316 69.38
-0.994 -6.816 -0.5 69.292
-0.308 -6.8 -0.64 69.186
0.59 -6.511 -0.632 69.093
1.512 -6.241 -0.676 69
2.301 -5.678 -0.111 68.94
2.958 -4.79 1.123 68.855
3.597 -3.941 2.276 68.788
3.11 -3.306 2.507 68.704
2.154 -2.819 2.34 68.626
1.239 -2.065 2.208 68.55
0.2 -0.374 1.939 68.474
-0.901 1.462 1.668 68.434
-1.548 2.996 1.354 68.444
-1.566 4.142 0.979 68.381
-1.62 5.32 0.608 68.312
-1.46 5.581 0.026 68.318
-1.2 5.353 -0.695 68.454
-0.902 5.111 -1.302 68.393
-0.309 4.35 -1.35 68.416
0.35 3.511 -1.331 68.409
0.889 2.673 -1.099 68.484
1.225 1.816 -0.458 68.502
1.587 0.934 0.21 68.504
1.51 0.518 0.243 68.515
1.131 0.415 -0.174 68.434
0.739 0.355 -0.566 68.426
-0.071 1.001 -1.132 68.456
-1.025 1.852 -1.848 68.435
-1.729 2.511 -1.91 68.386
-1.9 2.787 -0.487 68.388
-2.049 3.087 1.045 68.385
-2.288 2.92 1.787 68.37
-2.616 2.308 1.82 68.415
-2.897 1.774 1.879 68.373
-2.477 1.743 1.204 68.349
-1.817 1.932 0.265 68.314
-1.148 1.921 -0.553 68.327
-0.323 1.388 -1.104 68.272
0.551 0.813 -1.7 68.205
1.043 0.236 -1.648 68.207
1.087 -0.357 -0.823 68.256
1.159 -0.949 -0.047 68.269
0.74 -1.542 0.687 68.275
0.1 -2.146 1.457 68.231
-0.521 -2.705 1.922 68.194
-1.209 -3.079 1.056 68.139
-1.921 -3.415 -0.015 68.098
-2.499 -3.845 -0.893 68.105
-2.864 -4.407 -1.536 68.132
-3.26 -4.971 -2.207 68.072
-2.873 -5.305 -2.003 68.103
-2.006 -5.504 -1.255 68.065
-1.213 -5.689 -0.602 68.161
-0.451 -5.625 -0.091 68.317
0.285 -5.546 0.406 68.307
1.083 -5.257 0.74 68.506
1.967 -4.534 0.728 68.647
2.913 -3.806 0.724 68.629
2.884 -3.197 0.581 68.712
2.093 -2.685 0.321 68.706
1.348 -2.16 0.101 68.762
0.194 -1.617 0.183 68.768
-1.121 -1.069 0.347 68.735
-2.107 -0.515 0.548 68.787
-2.271 0.058 0.878 68.759
-2.436 0.623 1.253 68.7
-2.186 1.298 1.192 68.65
-1.507 2.087 0.685 68.665
-0.857 2.855 0.231 68.627
0.124 3.282 0.138 68.725
1.221 3.605 0.18 68.784
2.334 3.791 0.273 68.794
3.507 3.418 0.624 68.731
4.816 2.978 1.035 68.74
5.022 2.66 1.124 68.72
3.794 2.48 0.802 68.675
2.65 2.296 0.502 68.629
1.021 2.325 0.146 68.624
-0.867 2.504 -0.249 68.623
-2.613 2.495 -0.573 68.548
-3.769 1.685 -0.528 68.504
-4.918 0.667 -0.458 68.461
-5.441 0.192 -0.164 68.375
-4.862 0.566 0.522 68.333
-4.346 0.938 1.213 68.294
-2.996 0.986 1.532 68.246
-1.069 0.822 1.596 68.203
0.704 0.643 1.694 68.154
1.812 0.133 1.749 68.113
2.831 -0.465 1.848 68.216
3.402 -0.967 1.659 68.309
2.899 -1.271 0.867 68.483
2.41 -1.626 -0.001 68.478
1.576 -1.238 0.043 68.464
0.441 -0.206 0.882 68.485
-0.663 0.763 1.619 68.494
-1.662 1.705 1.99 68.491
-2.711 2.692 2.294 68.484
-3.289 3.335 2.267 68.491
-2.445 2.964 1.22 68.449
-1.561 2.531 0.07 68.404
-0.193 2.085 -0.688 68.346
1.746 1.603 -1.03 68.247
3.623 1.124 -1.397 68.232
4.543 0.579 -1.397 68.163
5.098 -0.011 -1.261 68.177
5.413 -0.514 -1.054 68.169
4.446 -0.687 -0.475 68.252
3.388 -0.824 0.175 68.406
1.93 -0.929 0.594 68.382
-0.145 -0.978 0.693 68.474
-2.201 -1.019 0.809 68.547
-3.582 -1.667 0.804 68.498
-4.582 -2.669 0.737 68.485
-5.571 -3.608 0.651 68.468
-6.086 -4.428 0.392 68.436
-6.608 -5.282 0.098 68.367
-6.574 -5.722 -0.171 68.374
-5.464 -5.373 -0.398 68.335
-4.395 -5.051 -0.648 68.263
-2.745 -4.396 -0.452 68.27
-0.628 -3.492 0.098 68.318
1.283 -2.637 0.522 68.301
1.703 -1.934 0.167 68.28
1.781 -1.298 -0.421 68.224
1.532 -0.54 -0.878 68.202
0.297 0.471 -1.109 68.232
-0.994 1.537 -1.369 68.205
-1.943 2.099 -1.147 68.138
-2.586 2.193 -0.451 68.161
-3.203 2.297 0.169 68.169
-2.737 1.711 0.221 68.209
-1.89 0.873 0.061 68.207
-1.04 0.107 -0.098 68.233
0.047 -0.556 -0.382 68.232
1.165 -1.232 -0.686 68.219
2.104 -1.671 -0.865 68.179
2.825 -1.814 -0.897 68.145
3.565 -1.978 -0.929 68.124
3.783 -2.252 -0.359 68.121
3.826 -2.581 0.568 68.083
3.559 -2.914 1.16 68.151
1.747 -3.262 0.506 68.11
-0.363 -3.677 -0.418 68.06
-1.878 -3.618 -0.712 67.993
-2.537 -2.812 -0.095 67.972
-3.235 -2.039 0.516 67.915
-3.532 -1.023 0.477 67.882
-3.594 0.146 -0.004 67.788
-3.626 1.27 -0.34 67.79
-3.134 2.181 -0.098 67.775
-2.61 3.1 0.284 67.781
-1.63 3.677 0.609 67.745
0.301 3.542 0.853 67.753
2.301 3.379 1.152 67.71
3.349 3.625 0.519 67.686
3.644 4.208 -0.909 67.736
3.93 4.745 -2.142 67.658
3.057 5.12 -2.072 67.652
1.845 5.484 -1.594 67.624
0.705 5.614 -1.186 67.56
-0.409 5.077 -0.745 67.576
-1.542 4.524 -0.314 67.513
-2.415 3.782 0.159 67.445
-3.022 2.829 0.676 67.5
-3.616 1.907 1.174 67.432
-3.018 1.329 1.249 67.409
-1.962 0.889 1.138 67.361
-0.855 0.459 1.107 67.448
0.711 0.12 1.261 67.398
2.388 -0.135 1.425 67.381
3.475 -1.025 1.696 67.377
3.778 -2.757 2.116 67.343
4.134 -4.459 2.533 67.455
3.774 -4.397 2.298 67.38
3.069 -3.378 1.718 67.402
2.277 -2.464 1.151 67.323
0.759 -1.354 0.427 67.264
-0.945 -0.179 -0.397 67.243
-2.152 0.64 -0.674 67.209
-2.538 0.828 -0.022 67.137
-2.96 1.074 0.63 67.074
-2.948 0.31 0.974 67.035
-2.653 -1.186 1.114 67.031
-2.334 -2.466 1.217 67.012
-1.516 -2.762 0.796 67.035
-0.558 -2.792 0.25 66.967
0.249 -2.894 -0.288 66.953
0.754 -3.017 -0.844 66.905
1.277 -3.18 -1.453 66.903
1.492 -2.867 -1.345 66.85
1.44 -2.106 -0.587 66.792
1.381 -1.465 0.089 66.743
0.812 -1.883 0.514 66.674
0.051 -2.728 0.861 66.643
-0.562 -3.222 1.125 66.629
-0.827 -2.886 1.079 66.557
-1.053 -2.452 1.025 66.601
-1.397 -2.32 0.86 66.554
-1.872 -2.518 0.56 66.502
-2.321 -2.681 0.279 66.557
-1.647 -2.316 0.287 66.534
-0.44 -1.666 0.461 66.533
0.584 -1.244 0.472 66.576
1.187 -1.536 -0.047 66.549
1.763 -2.018 -0.713 66.547
2.076 -1.809 -0.818 66.551
1.969 -0.62 -0.128 66.534
1.896 0.54 0.543 66.514
1.229 1.171 0.586 66.555
0.204 1.474 0.245 66.553
-0.741 1.835 -0.036 66.53
-1.493 2.264 -0.25 66.53
-2.226 2.71 -0.482 66.474
-2.803 3.175 -0.481 66.471
-3.051 3.677 -0.031 66.473
-3.328 4.201 0.422 66.449
-3.19 4.371 0.816 66.363
-2.741 4.286 1.174 66.37
-2.305 4.173 1.491 66.338
-1.624 3.462 1.331 66.281
-0.867 2.578 1.048 66.206
-0.201 1.776 0.73 66.187
0.259 1.111 0.27 66.121
0.729 0.418 -0.224 66.056
1.009 0.139 -0.389 66.007
1.111 0.275 -0.228 65.979
1.195 0.362 -0.108 65.932
0.636 0.332 -0.15 65.887
-0.221 0.228 -0.275 65.811
-0.768 0.234 -0.313 65.744
-0.421 0.558 -0.102 65.683
0.038 0.956 0.151 65.581
0.245 0.975 0.235 65.53
0.163 0.528 0.112 65.527
0.098 0.11 -0.001 65.468
0.447 -0.188 0.044 65.42
1.02 -0.422 0.145 65.38
1.508 -0.65 0.343 65.334
1.739 -0.788 0.993 65.271
1.941 -0.921 1.805 65.265
2.048 -1.003 1.945 65.176
1.973 -0.998 1.023 65.109
1.927 -0.99 0.128 65.035
1.266 -1.14 -0.793 64.966
0.2 -1.4 -1.745 64.923
-0.804 -1.619 -2.609 64.848
-1.682 -1.655 -2.767 64.813
-2.622 -1.628 -2.855 64.911
-2.982 -1.719 -2.426 65.222
-2.112 -2.044 -0.858 65.878
-1.196 -2.359 0.788 67.374
-0.825 -2.873 1.417 67.534
-0.932 -3.567 1.187 67.974
-0.926 -4.194 1.056 68.446
-0.18 -4.168 0.985 69.034
0.861 -3.946 0.953 69.723
1.575 -3.692 0.891 70.34
1.489 -3.232 0.772 70.621
1.383 -2.76 0.64 70.67
0.973 -2.349 0.587 70.719
0.22 -2.004 0.616 70.878
-0.504 -1.647 0.643 71.118
-1.206 -1.075 0.782 71.034
-1.917 -0.402 0.983 71.086
-2.507 0.218 1.101 71.349
-2.585 0.689 0.922 71.332
-2.67 1.165 0.727 71.462
-2.261 1.452 0.382 71.536
-1.149 1.472 -0.185 71.512
-0.067 1.507 -0.742 71.474
0.533 1.561 -1.288 71.516
0.865 1.647 -1.857 71.606
1.191 1.658 -2.29 71.536
1.248 1.278 -1.932 71.566
1.26 0.806 -1.458 71.48
1.302 0.496 -0.852 71.453
1.375 0.448 0.04 71.424
1.465 0.403 0.949 71.351
1.24 0.235 1.401 71.281
0.783 -0.026 1.523 71.287
0.38 -0.256 1.684 71.267
0.208 -0.296 1.822 71.23
0.092 -0.292 1.96 71.165
0.017 -0.264 2.106 71.082
0.081 -0.149 2.257 71.014
0.126 -0.055 2.441 70.907
0.447 0.318 2.232 70.859
1.029 0.954 1.656 70.741
1.569 1.547 1.128 70.636
1.804 1.828 0.818 70.545
1.939 2.007 0.583 70.427
2.032 2.138 0.386 70.367
1.926 2.058 0.358 70.249
1.803 1.959 0.344 70.134
1.721 1.899 0.311 70.072
1.68 1.878 0.259 69.985
1.64 1.858 0.207 69.892
1.53 1.785 0.137 69.787
1.431 1.717 0.056 69.685
1.135 1.517 -0.007 69.615
0.009 0.745 0.004 69.513
-1.303 -0.133 0.017 69.396
-2.069 -0.789 0.088 69.279
-2.045 -1.132 0.249 69.175
-2.052 -1.49 0.413 69.071
-1.953 -1.764 0.224 68.99
-1.801 -2.005 -0.203 68.878
-1.629 -2.183 -0.517 68.813
-1.277 -1.899 -0.303 68.736
-0.883 -1.526 0.028 68.646
-0.533 -1.136 0.316 68.612
-0.257 -0.673 0.559 68.503
0.023 -0.205 0.819 68.406
0.222 0.166 0.776 68.287
0.354 0.463 0.488 68.202
0.504 0.756 0.238 68.081
0.771 0.914 0.083 67.971
1.068 1.033 -0.032 67.874
1.38 1.159 -0.191 67.759
1.744 1.265 -0.45 67.64
2.117 1.4 -0.71 67.55
2.408 1.239 -1.025 67.428
2.616 0.777 -1.4 67.321
2.825 0.342 -1.763 67.205
2.797 -0.098 -1.884 67.105
2.7 -0.541 -1.937 67.019
2.506 -0.946 -1.868 66.923
1.895 -1.206 -1.32 66.798
1.276 -1.457 -0.701 66.7
0.393 -1.677 -0.309 66.579
-0.847 -1.852 -0.2 66.469
-2.069 -2.031 -0.074 66.354
-2.726 -2.015 0.147 66.243
-3.1 -1.895 0.432 66.124
-3.444 -1.8 0.657 66.051
-3.391 -1.738 0.614 65.948
-3.294 -1.701 0.534 65.819
-3.107 -1.542 0.421 65.719
-2.748 -1.181 0.236 65.626
-2.386 -0.825 0.054 65.545
-2.284 -0.475 -0.115 65.454
-2.389 -0.14 -0.271 65.381
-2.355 0.233 -0.444 65.281
-1.487 0.849 -0.708 65.177
-0.373 1.576 -1.018 65.058
0.447 1.981 -1.182 64.947
0.712 1.712 -1.031 64.842
0.977 1.427 -0.884 64.743
1.071 1.215 -0.613 64.657
1.008 1.067 -0.228 64.557
0.98 0.901 0.131 64.488
1.162 0.585 0.299 64.38
1.433 0.203 0.407 64.334
1.612 -0.098 0.497 64.347
1.544 -0.211 0.478 65.036
1.509 -0.282 0.492 66.794
0.975 -0.627 0.125 68.303
-0.125 -1.274 -0.672 68.864
-1.164 -1.89 -1.417 69.255
-1.323 -2.083 -1.288 70.019
-1.104 -2.107 -0.781 70.12
-0.863 -2.058 -0.266 70.214
-0.28 -1.626 0.508 70.451
0.37 -1.092 1.386 70.635
0.763 -1.018 1.646 71.49
0.797 -1.586 1.032 72.092
0.859 -2.128 0.455 73.022
0.488 -2.112 0.094 73.32
-0.102 -1.706 -0.134 73.482
-0.767 -1.602 -0.376 73.763
-1.96 -2.876 -0.557 73.686
-3.411 -4.538 -0.757 73.656
-3.771 -5.362 -0.787 73.571
-2.164 -4.739 -0.499 73.488
-0.556 -4.157 -0.219 73.482
0.809 -2.938 0.15 73.628
2.022 -1.236 0.578 73.673
3.13 0.366 1.019 73.615
3.042 1.47 1.559 73.831
2.656 2.541 2.2 73.989
2.205 3.004 2.413 74.244
1.442 1.953 1.607 74.329
0.661 0.782 0.75 74.421
0.03 0.401 0.065 74.442
-0.467 0.735 -0.475 74.338
-0.946 1.087 -0.997 74.228
-0.862 2.999 -0.943 74.143
-0.554 5.527 -0.674 74.072
-0.367 7.7 -0.459 74.01
-0.451 8.988 -0.294 73.956
-0.558 10.313 -0.14 73.902
-0.697 10.591 0.043 73.855
-0.885 9.562 0.261 73.775
-1.07 8.617 0.47 73.666
-1.34 7.06 0.098 73.595
-1.662 5.195 -0.597 73.491
-1.921 3.51 -1.069 73.382
-1.929 2.441 -0.725 73.28
-1.888 1.452 -0.277 73.167
-1.937 0.565 0.308 73.075
-2.111 -0.128 1.142 72.963
-2.289 -0.821 2.006 72.863
-2.285 -1.696 1.584 72.764
-2.169 -2.671 0.329 72.665
-2.049 -3.696 -0.76 72.575
-1.779 -5.088 -1.447 72.468
-1.487 -6.653 -2.085 72.363
-1.146 -7.616 -2.407 72.259
-0.682 -7.378 -2.035 72.157
-0.237 -7.139 -1.664 72.073
0.509 -6.79 -1.24 72.058
1.506 -6.333 -0.764 71.979
2.456 -5.943 -0.324 71.916
3.074 -6.165 -0.246 71.837
3.664 -6.615 -0.279 71.74
3.855 -6.818 -0.294 71.695
2.929 -6.454 -0.311 71.6
1.922 -6.064 -0.346 71.488
1.175 -5.594 -0.176 71.376
0.679 -5.03 0.209 71.252
0.176 -4.473 0.577 71.13
0.02 -3.828 0.962 71.006
0.018 -3.164 1.36 70.968
-0.07 -2.435 1.711 70.935
-0.366 -1.463 1.875 70.89
-0.712 -0.439 2.042 70.818
-0.855 0.358 2.038 70.763
-0.737 0.859 1.8 70.666
-0.629 1.376 1.577 70.543
-0.717 1.875 1.073 70.435
-0.893 2.366 0.403 70.307
-1.145 2.866 -0.162 70.204
-1.848 3.402 -0.287 70.17
-2.682 3.952 -0.339 70.079
-3.115 4.453 -0.368 69.996
-2.89 4.866 -0.33 69.899
-2.666 5.295 -0.283 69.783
-2.644 5.461 -0.482 69.705
-2.774 5.457 -0.86 69.583
-2.849 5.429 -1.183 69.464
-2.61 4.987 -1.235 69.344
-2.31 4.467 -1.221 69.246
-1.904 3.838 -1.199 69.119
-1.233 2.921 -1.13 69.015
-0.527 1.979 -1.059 68.896
-0.235 1.297 -1.029 68.786
-0.324 0.836 -1.04 68.671
-0.331 0.396 -1.034 68.541
0.326 0.602 -0.81 68.419
1.228 1.056 -0.516 68.289
2.031 1.318 -0.2 68.18
2.65 1.095 0.206 68.063
3.291 0.886 0.66 67.953
3.55 0.175 0.697 67.843
3.362 -1.129 0.254 67.712
3.209 -2.377 -0.144 67.588
3.117 -2.889 -0.045 67.47
3.062 -3.06 0.315 67.377
2.989 -3.266 0.509 67.261
2.846 -3.364 0.199 67.134
2.723 -3.465 -0.21 67.007
2.376 -3.499 -0.395 66.886
1.693 -3.43 -0.274 66.784
1.024 -3.371 -0.169 66.652
0.401 -3.063 0.089 66.545
-0.193 -2.596 0.431 66.414
-0.788 -2.199 0.783 66.289
-1.368 -2.072 1.228 66.165
-1.942 -2.023 1.751 66.041
-2.545 -1.826 1.883 65.917
-3.192 -1.371 1.282 65.787
-3.866 -0.914 0.67 65.658
-4.101 -0.452 0.271 65.528
-4.008 0.028 0.029 65.4
-3.926 0.452 -0.202 65.271
-3.582 0.326 -0.172 65.146
-3.146 0.032 -0.042 65.026
-2.854 -0.155 -0.085 64.902
-2.87 -0.159 -0.502 64.78
-2.933 -0.141 -0.98 64.659
-2.623 -0.237 -0.96 64.54
-1.945 -0.441 -0.449 64.431
-1.315 -0.633 -0.004 64.311
-1.011 -0.738 0.016 64.19
-0.827 -0.823 -0.147 64.076
-0.68 -0.84 -0.223 63.978
-0.723 -0.603 -0.103 63.861
-0.821 -0.35 0.033 63.739
-0.571 -0.04 0.212 63.616
0.113 0.351 0.454 63.493
0.77 0.736 0.691 63.372
1.651 0.888 0.765 63.246
2.65 0.913 0.759 63.13
3.576 0.997 0.755 63.024
4.192 1.27 0.705 62.95
4.812 1.58 0.646 62.822
5.065 1.839 0.613 62.72
4.701 2.024 0.619 62.606
4.367 2.217 0.63 62.52
3.706 2.241 0.462 62.412
2.83 2.157 0.167 62.328
2.001 2.076 -0.075 62.221
1.302 1.9 -0.043 62.117
0.633 1.702 0.046 61.999
-0.022 1.525 0.163 61.884
-0.624 1.386 0.368 61.79
-1.242 1.242 0.577 61.678
-1.642 1.18 0.738 61.576
-1.856 1.193 0.869 61.493
-2.101 1.177 0.969 61.387
-2.457 0.874 0.646 61.268
-2.871 0.478 0.172 61.15
-3.181 0.101 -0.179 61.026
-3.218 -0.27 -0.256 60.906
-3.243 -0.649 -0.313 60.784
-3.218 -0.93 -0.386 60.667
-3.132 -1.108 -0.469 60.581
-3.057 -1.289 -0.56 60.491
-3.054 -1.361 -0.835 60.378
-3.119 -1.375 -1.217 60.281
-3.014 -1.457 -1.456 60.172
-2.291 -1.762 -1.209 60.05
-1.482 -2.094 -0.896 59.933
-0.797 -2.426 -0.654 59.818
-0.257 -2.766 -0.486 59.704
0.289 -3.111 -0.317 59.598
0.81 -3.006 -0.126 59.484
1.315 -2.653 0.081 59.384
1.838 -2.325 0.27 59.281
2.421 -1.942 0.362 59.169
3.058 -1.532 0.447 59.074
3.399 -1.268 0.468 58.969
3.21 -1.261 0.369 58.878
3.034 -1.258 0.274 58.763
2.785 -1.1 0.131 58.65
2.496 -0.828 -0.054 58.543
2.175 -0.573 -0.197 58.437
1.541 -0.352 -0.006 58.33
0.799 -0.136 0.272 58.22
0.234 0.055 0.534 58.099
0.05 0.183 0.79 58.001
-0.139 0.312 1.065 57.895
-0.101 0.418 1.094 57.786
0.162 0.504 0.895 57.669
0.362 0.588 0.722 57.578
-0.119 0.639 0.585 57.462
-0.852 0.661 0.467 57.326
-1.516 0.775 0.332 57.246
-2.088 1.177 0.151 57.131
-2.689 1.6 -0.026 57.076
-2.907 2.035 -0.284 56.963
-2.667 2.492 -0.638 56.823
-2.462 2.943 -0.983 56.731
-2.505 2.926 -1.137 56.646
-2.671 2.693 -1.204 56.564
-2.815 2.475 -1.263 56.48
-2.925 2.175 -1.213 56.355
-3.071 1.854 -1.164 56.17
-2.908 1.638 -1.016 56.013
-2.271 1.578 -0.716 55.92
-1.655 1.516 -0.417 55.877
-0.958 1.371 -0.363 55.802
-0.219 1.189 -0.473 55.714
0.52 0.95 -0.513 55.668
1.273 0.314 -0.261 55.593
2.057 -0.421 0.074 55.58
2.659 -1.035 0.287 55.523
2.891 -1.44 0.289 55.441
3.142 -1.849 0.293 55.391
3.1 -2.169 0.223 55.314
2.826 -2.418 0.082 55.212
2.581 -2.672 -0.012 55.15
2.357 -2.87 0.281 55.033
2.135 -3.07 0.712 54.906
1.96 -3.176 0.992 54.879
1.906 -3.027 0.94 54.803
1.87 -2.873 0.863 54.749
1.695 -2.646 0.869 54.773
1.381 -2.34 0.949 54.753
1.079 -2.049 1.035 54.695
0.745 -1.957 1.295 54.687
0.399 -1.94 1.676 54.607
0.063 -1.934 1.783 54.611
-0.26 -1.991 0.992 54.636
-0.56 -2.097 0.059 54.594
-1.036 -1.835 -0.427 54.558
-1.737 -1.096 -0.362 54.52
-2.428 -0.383 -0.326 54.596
-2.844 -0.09 -0.104 54.694
-3.128 -0.024 0.227 54.7
-3.368 0.078 0.461 54.759
-3.283 0.175 0.285 54.753
-3.135 0.281 0.043 54.725
-3.083 0.361 -0.213 54.754
-3.167 0.394 -0.517 54.753
-3.268 0.437 -0.833 54.821
-2.944 0.277 -0.778 54.799
-2.332 -0.034 -0.457 54.731
-1.766 -0.271 -0.227 54.717
-1.249 -0.106 -0.396 54.768
-0.753 0.176 -0.705 54.872
-0.229 0.338 -0.766 55.009
0.343 0.278 -0.339 55.338
0.926 0.222 0.11 55.577
1.405 0.038 0.403 55.995
1.805 -0.264 0.567 56.332
2.177 -0.539 0.734 56.653
2.061 -0.587 0.745 57.137
1.756 -0.58 0.723 58.08
1.636 -0.474 0.623 58.502
1.961 -0.041 0.273 59.443
2.323 0.415 -0.104 60.07
2.645 0.83 -0.363 60.622
2.937 1.205 -0.496 61.323
3.219 1.576 -0.634 61.771
2.953 1.586 -0.565 62.248
2.457 1.445 -0.408 62.941
1.943 1.301 -0.257 63.297
1.193 1.042 -0.082 63.703
0.413 0.767 0.113 63.826
-0.312 0.532 0.173 63.974
-0.968 0.35 0.042 64.351
-1.629 0.165 -0.081 64.426
-2.237 -0.098 -0.34 64.529
-2.835 -0.421 -0.709 64.527
-3.357 -0.677 -0.93 64.633
-3.403 -0.608 -0.377 64.676
-3.372 -0.443 0.357 64.842
-3.285 -0.509 0.84 64.966
-3.054 -0.97 0.913 65.034
-2.837 -1.44 1.005 65.055
-2.414 -1.705 0.739 65.029
-1.836 -1.813 0.195 65.026
-1.29 -1.951 -0.269 65.063
-0.899 -2.178 -0.306 64.994
-0.522 -2.444 -0.213 65.046
-0.312 -2.629 -0.198 65.011
-0.523 -2.614 -0.313 64.951
-0.767 -2.619 -0.432 64.984
-0.779 -2.317 -0.592 65.115
-0.577 -1.716 -0.8 65.082
-0.382 -1.156 -0.982 65.041
0.057 -0.853 -0.773 65.051
0.599 -0.637 -0.408 65.033
1.043 -0.467 -0.123 65.026
1.227 -0.507 -0.017 64.966
1.379 -0.567 0.068 64.966
1.608 -0.589 0.186 64.924
1.921 -0.57 0.335 64.896
2.23 -0.548 0.483 64.879
2.338 -0.139 0.479 64.814
2.362 0.488 0.403 64.773
2.337 0.956 0.325 64.73
2.021 0.837 0.178 64.684
1.662 0.629 0.026 64.634
1.329 0.434 -0.155 64.591
1.022 0.227 -0.382 64.537
0.716 0.015 -0.613 64.472
0.362 -0.015 -0.725 64.444
-0.036 0.061 -0.775 64.42
-0.381 0.17 -0.781 64.384
-0.415 0.616 -0.437 64.357
-0.363 1.133 0.005 64.362
-0.427 1.641 0.292 64.324
-0.697 2.14 0.29 64.363
-0.976 2.687 0.297 64.347
-1.151 2.482 0.109 64.376
-1.244 1.658 -0.248 64.321
-1.342 0.913 -0.552 64.267
-1.416 0.322 -0.447 64.302
-1.47 -0.243 -0.213 64.265
-1.601 -0.646 -0.006 64.21
-1.914 -0.593 0.189 64.157
-2.283 -0.496 0.4 64.114
-2.178 -0.63 0.405 64.07
-1.582 -1.001 0.193 63.999
-1.027 -1.345 0.005 63.934
-0.523 -1.485 -0.007 63.896
-0.03 -1.538 0.057 63.84
0.386 -1.598 0.105 63.789
0.515 -1.626 0.147 63.728
0.591 -1.651 0.177 63.665
0.866 -1.688 0.296 63.61
1.397 -1.74 0.533 63.603
1.92 -1.793 0.767 63.527
1.729 -1.67 0.577 63.456
1.136 -1.452 0.146 63.408
0.658 -1.24 -0.212 63.43
0.487 -0.982 -0.37 63.41
0.361 -0.713 -0.495 63.355
0.325 -0.488 -0.586 63.289
0.463 -0.337 -0.601 63.233
0.61 -0.189 -0.619 63.191
0.467 0.064 -0.613 63.132
0.116 0.401 -0.594 63.086
-0.191 0.691 -0.564 63.041
-0.352 0.673 -0.453 62.985
-0.476 0.59 -0.303 62.962
-0.585 0.444 -0.27 62.969
-0.636 0.122 -0.484 62.961
-0.689 -0.215 -0.725 62.9
-0.729 -0.408 -0.684 62.864
-0.761 -0.475 -0.391 62.873
-0.783 -0.552 -0.125 62.886
-0.668 -0.536 0.063 63.072
-0.487 -0.512 0.247 63.011
-0.414 -0.39 0.303 63.23
-0.629 0.035 -0.028 63.442
-0.876 0.491 -0.422 63.936
-1.036 0.864 -0.479 64.199
-1.103 1.151 -0.158 64.273
-1.17 1.436 0.136 64.622
-0.892 1.312 0.321 64.768
-0.449 0.989 0.472 64.992
-0.077 0.757 0.537 65.083
0.091 0.774 0.224 65.147
0.254 0.825 -0.162 65.142
0.234 0.888 -0.366 65.155
-0.062 0.98 -0.318 65.302
-0.356 1.076 -0.285 65.36
-0.174 0.885 -0.082 65.313
0.308 0.52 0.217 65.264
0.695 0.193 0.515 65.246
0.741 -0.045 0.876 65.228
0.734 -0.27 1.276 65.213
0.61 -0.447 1.491 65.184
0.241 -0.523 1.355 65.153
-0.142 -0.596 1.227 65.166
-0.239 -0.745 1.01 65.086
-0.114 -0.956 0.727 65.071
-0.015 -1.153 0.445 65.04
0.079 -1.262 0.087 64.974
0.176 -1.362 -0.294 64.931
0.226 -1.373 -0.655 65.003
0.156 -1.159 -0.961 64.927
0.088 -0.916 -1.295 64.911
-0.052 -0.9 -1.284 64.86
-0.266 -1.104 -0.93 64.835
-0.471 -1.293 -0.617 64.81
-0.629 -1.503 -0.476 64.859
-0.776 -1.75 -0.421 64.852
-0.884 -1.837 -0.277 64.864
-0.853 -1.391 0.103 64.887
-0.802 -0.881 0.541 64.784
-0.814 -0.504 0.673 64.728
-0.902 -0.279 0.427 64.73
-0.987 -0.046 0.203 64.715
-0.984 0.098 0.158 64.641
-0.948 0.188 0.2 64.579
-0.858 0.329 0.262 64.537
-0.483 0.667 0.468 64.456
-0.049 1.053 0.726 64.414
0.27 1.306 0.752 64.379
0.417 1.352 0.41 64.328
0.577 1.408 0.075 64.313
0.504 1.364 -0.216 64.249
0.282 1.258 -0.488 64.181
0.073 1.159 -0.716 64.103
-0.16 1.041 -0.599 64.005
-0.426 0.933 -0.406 63.939
-0.515 0.752 -0.218 63.87
-0.234 0.419 -0.009 63.792
0.053 0.08 0.212 63.724
0.316 -0.19 0.223 63.676
0.57 -0.404 0.051 63.624
0.791 -0.615 -0.084 63.587
0.597 -0.721 -0.026 63.517
0.254 -0.787 0.116 63.446
0.025 -0.897 0.145 63.349
0.035 -1.098 -0.097 63.3
0.067 -1.331 -0.374 63.275
0.05 -1.314 -0.475 63.226
-0.015 -1.029 -0.396 63.163
-0.078 -0.77 -0.324 63.112
-0.175 -0.651 -0.06 63.042
-0.282 -0.597 0.307 62.966
-0.403 -0.523 0.549 62.945
-0.581 -0.415 0.381 62.886
-0.772 -0.299 0.15 62.801
-0.914 -0.209 0.045 62.735
-0.988 -0.155 0.099 62.666
-1.069 -0.098 0.148 62.585
-0.784 -0.002 -0.163 62.514
-0.288 0.132 -0.697 62.479
0.157 0.201 -1.115 62.459
0.47 -0.059 -1.049 62.381
0.784 -0.406 -0.905 62.341
0.913 -0.552 -0.692 62.246
0.701 -0.366 -0.318 62.162
0.485 -0.175 0.056 62.073
0.46 -0.136 0.346 61.97
0.575 -0.206 0.58 61.879
0.673 -0.267 0.798 61.781
0.759 -0.371 0.816 61.706
0.852 -0.483 0.783 61.594
0.872 -0.603 0.751 61.489
0.723 -0.738 0.695 61.408
0.555 -0.888 0.643 61.329
0.56 -0.853 0.53 61.217
0.727 -0.642 0.356 61.119
0.867 -0.457 0.199 61.081
0.813 -0.39 0.198 60.988
0.695 -0.37 0.265 60.87
0.545 -0.331 0.268 60.814
0.261 -0.262 0.106 60.754
-0.045 -0.176 -0.069 60.759
-0.229 -0.228 -0.264 60.737
-0.27 -0.442 -0.492 60.694
-0.317 -0.644 -0.712 60.616
-0.163 -0.661 -0.541 60.558
0.099 -0.596 -0.166 60.522
0.28 -0.512 0.089 60.443
0.177 -0.277 -0.035 60.355
0.044 -0.027 -0.233 60.271
-0.164 0.25 -0.295 60.157
-0.5 0.572 -0.172 60.091
-0.838 0.901 -0.058 60.018
-0.942 0.894 0.117 59.927
-0.908 0.674 0.319 59.837
-0.871 0.504 0.553 59.747
-0.694 0.454 0.999 59.64
-0.479 0.442 1.523 59.542
-0.332 0.37 1.824 59.449
-0.306 0.196 1.689 59.373
-0.282 0.007 1.585 59.301
-0.231 0.059 0.948 59.22
-0.155 0.302 -0.13 59.119
-0.096 0.523 -1.09 59.034
-0.171 0.707 -1.281 58.941
-0.306 0.903 -1.258 58.884
-0.32 0.956 -1.169 58.884
-0.048 0.632 -0.783 58.831
0.253 0.29 -0.38 58.747
0.392 -0.051 -0.075 58.635
0.37 -0.398 0.129 58.544
0.365 -0.74 0.347 58.425
0.438 -0.967 0.594 58.353
0.549 -1.164 0.888 58.263
0.636 -1.292 1.014 58.143
0.657 -1.151 0.569 58.046
0.686 -0.983 0.039 57.934
0.583 -0.822 -0.243 57.834
0.305 -0.659 -0.221 57.745
0.039 -0.497 -0.215 57.639
-0.027 -0.499 -0.106 57.544
0.022 -0.591 0.053 57.425
0.022 -0.653 0.204 57.305
-0.133 -0.636 0.342 57.186
-0.327 -0.609 0.483 57.078
-0.444 -0.551 0.584 56.961
-0.447 -0.438 0.617 56.858
-0.446 -0.321 0.648 56.754
-0.582 -0.363 0.729 56.65
-0.816 -0.516 0.835 56.544
-1.015 -0.651 0.97 56.439
-1.05 -0.753 1.32 56.336
-1.043 -0.864 1.761 56.212
-1.051 -0.855 1.96 56.121
-1.071 -0.58 1.663 56.018
-1.097 -0.291 1.336 55.919
-1.076 -0.156 1.297 55.804
-1.017 -0.157 1.498 55.695
-0.953 -0.138 1.709 55.575
-0.767 -0.026 2.393 55.459
-0.542 0.113 3.253 55.339
-0.318 0.274 3.957 55.232
-0.085 0.508 4.283 55.112
0.161 0.768 4.598 55.002
0.284 0.815 4.755 54.88
0.27 0.624 4.727 54.76
0.262 0.455 4.713 54.647
0.146 0.462 4.722 54.561
-0.033 0.538 4.727 54.449
-0.119 0.659 4.809 54.351
0.131 1 5.204 54.242
0.439 1.389 5.639 54.129
0.622 1.599 6.056 54.029
0.642 1.559 6.461 53.925
0.67 1.532 6.87 53.838
0.636 1.422 7.137 53.728
0.567 1.267 7.332 53.621
0.499 1.112 7.495 53.525
0.414 0.909 7.403 53.414
0.322 0.707 7.262 53.29
0.265 0.458 7.153 53.206
0.273 0.122 7.084 53.103
0.284 -0.214 7.017 52.978
0.22 -0.536 6.912 52.896
0.099 -0.841 6.778 52.782
-0.013 -1.167 6.652 52.699
-0.104 -1.609 6.581 52.616
-0.182 -2.133 6.516 52.523
-0.298 -2.373 6.508 52.421
-0.503 -1.956 6.644 52.299
-0.708 -1.489 6.793 52.21
-0.949 -1.326 6.846 52.097
-1.226 -1.447 6.813 51.986
-1.491 -1.539 6.777 51.883
-1.581 -1.577 6.576 51.772
-1.613 -1.602 6.293 51.654
-1.628 -1.566 6.135 51.544
-1.556 -1.316 6.36 51.441
-1.472 -1.039 6.6 51.336
-1.439 -0.841 6.997 51.271
-1.464 -0.733 7.596 51.197
-1.489 -0.62 8.18 51.099
-1.502 -0.522 8.557 51.03
-1.533 -0.442 8.839 50.922
-1.454 -0.301 9.091 50.867
-0.884 0.097 9.141 50.774
-0.224 0.564 9.137 50.69
0.304 0.804 9.332 50.581
0.65 0.703 9.824 50.543
1.01 0.606 10.314 50.464
1.129 0.736 10.578 50.37
1.101 1.019 10.692 50.273
1.07 1.256 10.842 50.214
0.865 1.309 11.094 50.179
0.626 1.331 11.38 50.098
0.392 1.292 11.604 50.022
0.157 1.107 11.71 49.919
-0.086 0.923 11.821 49.87
-0.196 0.722 11.851 49.773
-0.2 0.506 11.811 49.688
-0.204 0.295 11.797 49.581
-0.086 0.121 11.972 49.507
0.078 -0.05 12.229 49.436
0.18 -0.18 12.348 49.339
0.139 -0.193 12.127 49.261
0.082 -0.205 11.885 49.213
0.093 -0.175 11.663 49.157
0.173 -0.096 11.454 49.12
0.244 -0.033 11.248 49.057
0.178 -0.296 11.247 49.003
0.064 -0.699 11.303 48.991
-0.081 -1.063 11.476 48.97
-0.37 -1.377 12.113 48.909
-0.684 -1.684 12.832 48.821
-0.901 -1.99 13.266 48.761
-0.991 -2.287 13.334 48.696
-1.088 -2.591 13.421 48.634
-1.171 -2.5 13.552 48.552
-1.248 -2.204 13.71 48.514
-1.322 -1.907 13.871 48.445
-1.355 -1.438 14.056 48.367
-1.407 -0.93 14.26 48.326
-1.286 -0.532 14.362 48.378
-0.862 -0.319 14.291 48.371
-0.439 -0.095 14.217 48.321
-0.125 -0.051 14.255 48.238
0.119 -0.136 14.359 48.294
0.347 -0.181 14.507 48.282
0.372 -0.038 15.1 48.233
0.345 0.158 15.81 48.195
0.34 0.328 16.455 48.106
0.361 0.461 16.99 48.025
0.383 0.593 17.551 48.072
0.419 0.709 17.725 48.057
0.467 0.81 17.551 48.162
0.516 0.909 17.412 48.2
0.595 0.933 17.259 48.186
0.691 0.949 17.1 48.229
0.743 0.882 16.978 48.172
0.673 0.562 16.98 48.196
0.575 0.204 16.969 48.227
0.664 0.054 17.15 48.217
0.965 0.14 17.552 48.196
1.247 0.202 17.94 48.156
1.236 -0.047 18.333 48.163
1.09 -0.46 18.74 48.116
0.96 -0.761 19.077 48.061
0.81 -0.696 19.122 48.087
0.648 -0.58 19.135 48.118
0.573 -0.476 19.108 48.079
0.624 -0.376 19.01 48.089
0.673 -0.266 18.915 48.082
0.737 -0.671 18.804 48.075
0.835 -1.387 18.673 48.044
0.823 -2.044 18.591 48.094
0.176 -2.558 18.798 48.105
-0.635 -3.11 19.069 48.075
-1.186 -3.207 19.283 48.089
-1.293 -2.42 19.412 48.124
-1.406 -1.63 19.54 48.306
-1.41 -0.964 19.673 48.393
-1.325 -0.385 19.807 48.389
-1.266 0.17 19.948 48.474
-1.348 0.368 20.168 48.498
-1.475 0.474 20.412 48.497
-1.569 0.563 20.639 48.468
-1.588 0.558 20.835 48.534
-1.624 0.556 21.028 48.548
-1.427 0.49 21.234 48.538
-0.997 0.358 21.45 48.518
-0.598 0.241 21.676 48.559
-0.356 0.314 22.093 48.566
-0.189 0.459 22.605 48.582
0.043 0.594 22.998 48.533
0.448 0.739 23.034 48.55
0.889 0.885 23.041 48.553
1.169 1.015 23.008 48.487
1.25 1.126 22.91 48.517
1.344 1.237 22.819 48.506
1.465 1.195 22.733 48.45
1.613 1.078 22.662 48.532
1.714 0.961 22.538 48.478
1.608 0.785 22.17 48.454
1.462 0.6 21.749 48.557
1.382 0.417 21.451 48.641
1.394 0.237 21.341 48.586
1.412 0.051 21.225 48.568
1.234 0.059 21.092 48.539
0.929 0.207 20.937 48.615
0.631 0.279 20.817 48.854
0.269 -0.08 20.935 48.872
-0.123 -0.533 21.106 48.876
-0.41 -1.008 21.28 48.934
-0.481 -1.559 21.481 49.286
-0.555 -2.147 21.69 49.713
-0.56 -2.193 21.762 50.237
-0.503 -1.777 21.711 50.378
-0.468 -1.426 21.695 51.099
-0.654 -1.248 21.983 51.869
-0.902 -1.136 22.353 52.536
-1.181 -0.994 22.787 53.14
-1.574 -0.808 23.446 53.721
-1.998 -0.605 24.141 54.171
-2.16 -0.523 24.572 54.474
-2.041 -0.569 24.719 54.72
-1.939 -0.605 24.888 55.043
-1.686 -0.622 25.071 55.331
-1.355 -0.638 25.261 55.602
-1.12 -0.62 25.459 55.624
-1.183 -0.471 25.69 55.635
-1.331 -0.306 25.936 55.64
-1.09 -0.151 26.09 55.579
-0.328 -0.007 26.119 55.525
0.414 0.139 26.154 55.623
0.806 0.071 26.198 55.679
1.001 -0.118 26.255 55.734
1.207 -0.285 26.279 55.752
1.289 -0.423 26.122 55.782
1.374 -0.565 25.936 55.692
1.322 -0.63 25.737 55.675
1.023 -0.55 25.505 55.628
0.714 -0.478 25.266 55.547
0.685 -0.275 25.17 55.562
0.857 0.032 25.171 55.507
1.011 0.293 25.184 55.521
1.208 0.264 25.408 55.465
1.44 0.153 25.69 55.374
1.511 0.082 25.937 55.368
1.208 0.062 26.122 55.362
0.89 0.056 26.316 55.279
0.641 -0.083 26.375 55.207
0.458 -0.347 26.311 55.149
0.259 -0.591 26.248 55.058
-0.09 -0.698 26.003 54.968
-0.5 -0.763 25.68 54.892
-0.864 -0.796 25.452 54.809
-1.105 -0.714 25.488 54.716
-1.356 -0.6 25.547 54.612
-1.419 -0.719 25.58 54.526
-1.256 -1.116 25.587 54.447
-1.108 -1.489 25.598 54.366
-0.984 -1.487 25.831 54.306
-0.865 -1.296 26.176 54.256
-0.793 -1.177 26.469 54.169
-0.917 -1.246 26.622 54.064
-1.104 -1.339 26.737 53.987
-1.023 -1.475 26.984 53.908
-0.548 -1.683 27.424 53.826
-0.074 -1.905 27.861 53.731
-0.076 -1.45 28.178 53.696
-0.374 -0.556 28.42 53.679
-0.636 0.192 28.67 53.641
-0.895 0.376 28.907 53.634
-1.205 0.444 29.139 53.568
-1.157 0.477 29.396 53.496
-0.41 0.386 29.698 53.422
0.363 0.292 30.013 53.35
0.732 0.281 30.124 53.246
0.782 0.335 30.079 53.164
0.865 0.389 30.036 53.09
0.884 0.513 29.861 53.008
0.903 0.662 29.612 52.9
0.854 0.776 29.585 52.799
0.615 0.809 30.111 52.713
0.377 0.837 30.681 52.614
0.03 0.876 31.054 52.57
-0.438 0.927 31.232 52.469
-0.872 0.972 31.434 52.402
-0.774 0.889 31.718 52.295
-0.45 0.748 32.07 52.194
-0.222 0.648 32.262 52.103
-0.193 0.658 31.927 51.997
-0.196 0.681 31.516 51.919
-0.13 0.699 31.308 51.834
0.014 0.715 31.344 51.742
0.157 0.733 31.367 51.648
0.387 0.644 31.59 51.549
0.687 0.511 31.924 51.486
0.861 0.329 32.198 51.453
0.457 -0.147 32.246 51.354
-0.072 -0.675 32.266 51.253
-0.375 -1.159 32.214 51.223
-0.34 -1.586 32.028 51.153
-0.312 -2.024 31.834 51.047
-0.221 -2.22 31.911 50.954
-0.072 -2.25 32.161 50.858
0.008 -2.31 32.43 50.785
-0.354 -2.398 32.985 50.71
-0.857 -2.519 33.654 50.615
-1.137 -2.506 34.023 50.527
-0.976 -2.209 33.768 50.508
-0.811 -1.896 33.491 50.444
-0.562 -1.748 33.344 50.381
-0.228 -1.741 33.299 50.312
0.068 -1.725 33.274 50.32
-0.017 -1.742 33.643 50.239
-0.251 -1.793 34.168 50.199
-0.353 -1.706 34.529 50.158
-0.144 -1.222 34.505 50.083
0.089 -0.718 34.416 50.007
0.307 -0.159 34.697 49.943
0.517 0.47 35.381 49.882
0.723 1.089 36.029 49.825
0.788 1.403 36.279 49.75
0.797 1.605 36.375 49.729
0.784 1.711 36.377 49.617
0.643 1.363 35.904 49.532
0.485 0.925 35.341 49.453
0.344 0.783 35.057 49.345
0.222 1.045 35.156 49.261
0.099 1.288 35.236 49.166
-0.059 1.66 35.4 49.113
-0.254 2.113 35.607 49.018
-0.374 2.507 35.814 48.926
-0.098 2.576 36.041 48.855
0.278 2.635 36.301 48.792
0.489 2.366 36.369 48.719
0.428 1.467 36.088 48.671
0.371 0.571 35.806 48.587
0.245 -0.297 35.58 48.538
0.063 -1.164 35.384 48.492
-0.095 -1.954 35.231 48.425
-0.098 -2.013 35.513 48.386
-0.047 -1.874 35.926 48.348
-0.069 -1.764 36.241 48.301
-0.244 -1.615 36.379 48.25
-0.427 -1.481 36.504 48.22
-0.597 -1.201 36.674 48.182
-0.76 -0.785 36.882 48.151
-0.915 -0.375 37.085 48.108
-0.909 0.04 37.201 48.068
-0.842 0.52 37.307 48.034
-0.791 0.677 37.307 47.999
-0.755 -0.233 36.944 47.938
-0.722 -1.218 36.543 47.881
-0.679 -2.308 36.226 47.896
-0.624 -3.553 36.003 47.892
-0.572 -4.787 35.775 47.875
-0.648 -5.091 35.803 47.843
-0.799 -4.996 35.95 47.851
-0.883 -4.708 36.096 47.833
-0.701 -3.239 36.315 47.784
-0.484 -1.543 36.565 47.768
-0.234 -0.332 36.646 47.775
0.084 0.168 36.463 47.841
0.405 0.71 36.29 47.814
0.538 0.599 36.025 47.853
0.558 0.069 35.7 47.926
0.562 -0.363 35.388 47.979
0.36 -0.5 35.12 47.986
0.099 -0.588 34.847 47.966
-0.058 -0.538 34.665 48.002
-0.019 -0.175 34.682 47.948
0.018 0.194 34.683 47.866
0.119 0.475 34.958 47.839
0.283 0.688 35.467 47.84
0.407 0.895 35.92 47.827
0.16 0.943 36.025 47.828
-0.214 0.943 36.007 47.827
-0.493 0.963 36.079 47.846
-0.576 1.003 36.333 47.855
-0.648 1.066 36.602 47.843
-0.701 0.924 36.841 47.815
-0.73 0.571 37.056 47.811
-0.763 0.226 37.258 47.774
-0.814 -0.284 37.141 47.769
-0.873 -0.899 36.855 47.713
-0.931 -1.308 36.768 47.628
-0.986 -1.002 37.294 47.623
-1.048 -0.617 37.939 47.599
-1.057 -0.261 38.167 47.531
-0.996 0.08 37.86 47.494
-0.939 0.425 37.58 47.418
-0.829 0.162 37.594 47.37
-0.691 -0.432 37.776 47.341
-0.561 -0.965 37.922 47.269
-0.452 -1.434 38.006 47.22
-0.342 -1.908 38.08 47.268
-0.262 -2.224 38.133 47.263
-0.233 -2.255 38.147 47.257
-0.203 -2.304 38.157 47.197
-0.164 -2.132 38.284 47.152
-0.117 -1.817 38.495 47.164
-0.072 -1.484 38.68 47.12
-0.04 -0.879 38.727 47.095
-0.008 -0.163 38.749 47.112
0.002 0.269 38.712 47.101
-0.036 0.087 38.522 47.172
-0.081 -0.109 38.328 47.347
-0.048 -0.324 38.14 47.401
0.057 -0.568 37.951 47.512
0.15 -0.777 37.775 47.621
0.173 -0.518 37.804 48.087
0.169 -0.086 37.895 48.209
0.173 0.258 38.012 48.293
0.182 0.423 38.244 48.344
0.197 0.584 38.493 48.408
0.167 0.617 38.639 48.498
0.085 0.495 38.671 48.659
0.004 0.387 38.709 48.758
-0.165 0.345 38.718 48.887
-0.394 0.339 38.704 49.071
-0.525 0.314 38.75 49.165
-0.296 0.244 39.029 49.159
0.005 0.152 39.353 49.352
0.119 0.174 39.569 49.489
-0.026 0.362 39.638 49.603
-0.159 0.543 39.711 49.646
-0.358 0.778 39.842 49.618
-0.598 1.059 40.01 49.691
-0.819 1.266 40.172 49.754
-0.947 1.056 40.313 49.789
-1.071 0.742 40.469 49.812
-1.109 0.578 40.507 49.975
-0.97 0.66 40.322 50.073
-0.839 0.756 40.131 50.282
-0.576 0.639 40.066 50.361
-0.198 0.358 40.098 50.468
0.119 0.105 40.122 50.498
-0.024 -0.092 40.173 50.496
-0.317 -0.25 40.234 50.531
-0.489 -0.526 40.272 50.549
-0.427 -1.082 40.249 50.631
-0.356 -1.67 40.23 50.627
-0.247 -2.054 40.148 50.641
-0.095 -2.248 40.008 50.663
0.05 -2.437 39.859 50.661
0.117 -2.182 39.44 50.722
0.163 -1.738 38.907 50.663
0.165 -1.422 38.445 50.617
-0.003 -1.426 38.185 50.617
-0.188 -1.484 37.909 50.57
-0.336 -1.35 37.948 50.538
-0.44 -0.985 38.393 50.549
-0.549 -0.631 38.812 50.491
-0.821 -0.221 39.088 50.427
-1.197 0.234 39.291 50.399
-1.473 0.599 39.482 50.349
-1.333 0.558 39.548 50.283
-1.138 0.449 39.602 50.206
-0.876 0.398 39.624 50.124
-0.481 0.42 39.588 50.04
-0.084 0.442 39.554 50.029
0.147 0.453 39.5 49.941
0.281 0.462 39.419 49.945
0.378 0.451 39.401 49.936
0.095 0.307 39.801 49.87
-0.264 0.116 40.321 49.835
-0.653 0.027 40.682 49.805
-1.129 0.137 40.746 49.729
-1.637 0.255 40.811 49.654
-1.688 0.295 40.8 49.597
-1.358 0.275 40.718 49.527
-1.058 0.25 40.663 49.451
-0.643 0.082 40.819 49.398
-0.171 -0.129 41.065 49.325
0.151 -0.34 41.182 49.248
0.072 -0.574 40.983 49.207
-0.029 -0.819 40.746 49.14
-0.142 -0.96 40.695 49.063
-0.277 -0.987 40.841 49.129
-0.402 -1.026 40.967 49.157
-0.314 -1.103 40.977 49.113
-0.124 -1.208 40.926 49.052
0.004 -1.259 40.93 48.997
-0.034 -1.118 41.093 48.925
-0.11 -0.945 41.304 48.893
-0.048 -0.854 41.283 48.858
0.198 -0.866 40.948 48.839
0.436 -0.874 40.628 48.857
0.6 -0.755 40.18 48.988
0.724 -0.557 39.633 49.143
0.839 -0.397 39.223 49.106
0.855 -0.408 39.518 49.143
0.873 -0.432 39.947 49.158
0.774 -0.575 40.298 49.157
0.465 -0.935 40.561 49.213
0.152 -1.317 40.827 49.168
-0.018 -1.199 41.006 49.17
-0.08 -0.721 41.12 49.217
-0.166 -0.291 41.251 49.427
-0.337 0.071 41.445 49.4
-0.542 0.452 41.671 49.344
-0.692 0.59 41.811 49.357
-0.724 0.155 41.761 49.397
-0.753 -0.311 41.703 49.425
-0.759 -0.6 41.683 49.409
-0.736 -0.732 41.697 49.385
-0.736 -0.868 41.714 49.37
-1.003 -0.778 41.828 49.363
-1.402 -0.617 41.985 49.419
-1.604 -0.438 42.083 49.529
-1.246 -0.163 42.001 49.635
-0.84 0.119 41.93 49.813
-0.474 0.401 41.631 49.96
-0.14 0.684 41.058 49.924
0.19 0.966 40.505 49.929
0.163 0.953 40.06 50.21
-0.053 0.814 39.653 50.346
-0.145 0.643 39.319 50.361
0.164 0.243 39.333 50.407
0.548 -0.206 39.405 50.518
0.815 -0.494 39.384 50.64
0.927 -0.545 39.24 51.083
1.048 -0.604 39.094 51.251
1.035 -0.682 39.132 51.318
0.946 -0.767 39.286 51.438
0.846 -0.87 39.415 51.785
0.601 -1.073 39.494 52.084
0.328 -1.321 39.55 52.167
0.057 -1.411 39.675 52.344
-0.214 -1.195 39.931 52.359
-0.5 -0.986 40.188 52.383
-0.547 -0.651 40.47 52.354
-0.4 -0.205 40.783 52.553
-0.298 0.194 41.054 52.585
-0.433 0.221 40.896 52.75
-0.653 0.139 40.602 52.896
-0.788 0.067 40.388 52.946
-0.738 -0.03 40.32 52.95
-0.677 -0.143 40.252 52.958
-0.631 -0.057 40.287 53.002
-0.598 0.237 40.432 53.187
-0.559 0.499 40.56 53.254
-0.428 0.395 40.495 53.252
-0.245 0.159 40.355 53.247
-0.142 -0.133 40.211 53.287
-0.292 -0.683 40.011 53.477
-0.471 -1.315 39.789 53.74
-0.614 -1.438 39.716 53.822
-0.717 -0.905 39.836 53.862
-0.823 -0.408 39.943 53.874
-0.813 -0.235 39.915 53.96
-0.752 -0.23 39.795 54.024
-0.662 -0.235 39.768 54.064
-0.392 -0.421 40.137 54.106
-0.075 -0.641 40.581 54.232
0.1 -0.807 40.955 54.404
0.049 -0.893 41.232 54.525
0.003 -0.984 41.532 54.466
-0.019 -0.969 41.324 54.561
-0.019 -0.882 40.769 54.623
-0.034 -0.809 40.271 54.623
-0.141 -0.771 39.867 54.668
-0.28 -0.736 39.477 54.672
-0.357 -0.744 39.165 54.683
-0.306 -0.845 39.043 54.751
-0.254 -0.964 38.914 54.817
-0.178 -0.855 38.919 54.851
-0.079 -0.541 39.043 54.958
0.011 -0.27 39.146 54.934
0.033 -0.302 39.121 54.975
0.021 -0.444 39.049 55.084
0.076 -0.537 39.003 55.181
0.307 -0.542 39.02 55.237
0.561 -0.548 39.025 55.305
0.71 -0.455 39.192 55.425
0.747 -0.249 39.54 55.437
0.785 -0.052 39.882 55.558
0.508 0.151 40.529 55.615
0.088 0.354 41.329 55.622
-0.28 0.561 41.999 55.728
-0.526 0.788 42.229 55.713
-0.761 1.017 42.425 55.722
-0.942 1.244 42.459 55.803
-1.037 1.464 42.242 55.923
-1.137 1.692 42.036 55.996
-1.158 1.597 41.966 55.936
-1.126 1.324 41.972 55.967
-1.129 1.051 41.984 56.018
-1.269 0.653 42.092 56.069
-1.461 0.193 42.223 56.057
-1.481 0.012 42.302 56.077
-1.196 0.33 42.285 56.108
-0.907 0.66 42.278 56.132
-0.715 0.718 42.11 56.108
-0.588 0.577 41.821 56.11
-0.483 0.44 41.553 56.129
-0.646 0.122 41.355 56.195
-0.895 -0.248 41.164 56.209
-1.051 -0.578 41.052 56.178
-1.016 -0.833 41.133 56.258
-0.977 -1.086 41.232 56.214
-0.905 -1.328 41.202 56.207
-0.8 -1.559 41.052 56.26
-0.698 -1.786 40.911 56.248
-0.596 -1.887 40.742 56.363
-0.489 -1.953 40.553 56.327
-0.406 -1.968 40.42 56.276
-0.389 -1.793 40.463 56.221
-0.404 -1.596 40.532 56.166
-0.181 -1.459 40.498 56.173
0.33 -1.389 40.344 56.213
0.822 -1.313 40.199 56.187
0.943 -1.091 40.224 56.234
0.896 -0.792 40.344 56.177
0.806 -0.523 40.406 56.223
0.403 -0.327 40.289 56.268
-0.076 -0.151 40.117 56.262
-0.302 0.071 40.137 56.211
-0.151 0.354 40.446 56.203
0 0.641 40.753 56.165
-0.21 0.807 40.872 56.148
-0.666 0.906 40.873 56.123
-1.035 0.97 40.871 56.077
-1.016 0.743 40.715 56.101
-0.932 0.426 40.539 56.186
-0.713 0.297 40.306 56.16
-0.191 0.521 39.955 56.182
0.36 0.765 39.581 56.187
0.459 0.756 39.555 56.149
0.185 0.538 39.814 56.117
-0.039 0.357 40.04 56.077
-0.148 0.343 40.253 56.113
-0.231 0.384 40.452 56.06
-0.233 0.412 40.678 56.085
0 0.434 40.958 56.096
0.258 0.457 41.265 56.095
0.376 0.454 41.32 56.074
0.352 0.42 41.107 56.064
0.336 0.394 40.932 56.146
0.202 0.428 41.159 56.233
0.018 0.512 41.561 56.248
-0.147 0.478 41.912 56.351
-0.258 0.045 42.187 56.331
-0.391 -0.453 42.451 56.276
-0.285 -0.764 42.717 56.205
0.142 -0.836 42.981 56.146
0.555 -0.921 43.248 56.101
0.652 -0.812 43.444 56.106
0.576 -0.59 43.614 56.091
0.515 -0.436 43.743 56.097
0.414 -0.562 43.624 56.066
0.281 -0.727 43.465 56.045
0.348 -0.958 43.305 55.985
0.754 -1.318 43.124 55.93
1.169 -1.684 42.954 55.94
1.303 -1.873 42.539 55.945
1.248 -1.943 41.931 55.931
1.182 -2.006 41.434 55.904
0.826 -1.865 41.624 55.881
0.394 -1.693 42.016 56.026
0.018 -1.435 42.226 56.083
-0.253 -0.963 42.1 56.12
-0.539 -0.478 41.99 56.088
-0.582 -0.106 41.518 56.05
-0.403 0.177 40.715 56.005
-0.257 0.428 39.957 55.979
-0.279 0.042 39.441 55.917
-0.353 -0.569 38.976 55.883
-0.468 -1.095 38.686 55.819
-0.728 -1.463 38.979 55.736
-1.028 -1.862 39.311 55.68
-1.038 -1.831 39.635 55.611
-0.717 -1.305 39.963 55.547
-0.425 -0.808 40.283 55.516
-0.403 -0.15 40.121 55.482
-0.517 0.627 39.746 55.404
-0.579 1.147 39.379 55.333
-0.52 0.653 38.914 55.249
-0.441 0.01 38.405 55.185
-0.378 -0.488 38.155 55.136
-0.332 -0.816 38.29 55.04
-0.283 -1.159 38.397 54.993
-0.273 -1.017 39.11 54.989
-0.278 -0.578 40.201 54.996
-0.311 -0.215 41.158 54.997
-0.531 -0.048 41.591 55.021
-0.786 0.069 41.935 54.994
-1.037 0.224 42.163 54.929
-1.287 0.426 42.13 54.876
-1.553 0.638 42.082 54.848
-1.554 0.696 42.36 54.842
-1.359 0.638 42.893 54.799
-1.163 0.587 43.388 54.734
-0.734 0.461 43.793 54.678
-0.228 0.32 44.187 54.622
0.185 0.164 44.479 54.657
0.393 -0.036 44.498 54.66
0.604 -0.242 44.509 54.63
0.683 -0.384 44.495 54.621
0.629 -0.464 44.454 54.601
0.591 -0.544 44.412 54.563
0.659 -0.513 44.251 54.542
0.756 -0.437 44.059 54.531
0.92 -0.39 43.801 54.517
1.317 -0.413 43.311 54.475
1.78 -0.449 42.766 54.454
1.851 -0.435 42.522 54.527
1.435 -0.36 42.651 54.484
1.048 -0.29 42.758 54.484
0.835 -0.203 42.563 54.441
0.705 -0.11 42.221 54.462
0.606 -0.012 41.86 54.542
0.709 0.111 41.312 54.541
0.861 0.247 40.71 54.586
0.871 0.318 40.316 54.605
0.665 0.285 40.254 54.635
0.463 0.256 40.181 54.679
0.328 0.249 40.132 54.686
0.244 0.27 40.094 54.654
0.13 0.237 40.066 54.672
-0.171 -0.135 40.11 54.627
-0.508 -0.625 40.18 54.687
-0.886 -0.856 40.188 54.729
-1.366 -0.568 40.074 54.735
-1.863 -0.279 39.953 54.709
-2.129 0.089 39.918 54.66
-2.206 0.53 39.957 54.615
-2.288 0.95 39.974 54.586
-2.147 1.155 39.818 54.535
-1.94 1.336 39.595 54.478
-1.737 1.291 39.445 54.451
-1.503 0.589 39.477 54.386
-1.274 -0.172 39.508 54.374
-0.982 -0.714 39.659 54.38
-0.621 -1.033 39.942 54.526
-0.277 -1.362 40.219 54.542
-0.342 -1.393 40.672 54.568
-0.594 -1.309 41.204 54.653
-0.768 -1.197 41.688 54.688
-0.759 -0.889 42.026 54.8
-0.734 -0.562 42.358 54.81
-0.646 -0.231 42.606 54.794
-0.459 0.111 42.73 54.774
-0.28 0.454 42.864 54.759
0.213 0.769 42.774 54.772
0.903 1.082 42.565 54.792
1.473 1.341 42.361 54.744
1.508 1.271 42.099 54.726
1.469 1.166 41.802 54.646
1.272 0.917 41.688 54.586
0.757 0.393 41.894 54.531
0.229 -0.145 42.11 54.538
0.073 -0.316 42.043 54.613
0.195 -0.218 41.766 54.641
0.246 -0.161 41.538 54.592
-0.021 -0.18 41.513 54.559
-0.376 -0.204 41.548 54.525
-0.715 -0.338 41.549 54.517
-1.051 -0.731 41.487 54.524
-1.407 -1.155 41.45 54.632
-1.499 -1.28 41.074 54.642
-1.346 -1.13 40.382 54.659
-1.219 -1.005 39.729 54.674
-1.099 -0.848 39.262 54.769
-0.994 -0.669 38.832 54.792
-0.841 -0.577 38.563 54.822
-0.552 -0.737 38.838 54.832
-0.227 -0.952 39.173 54.841
-0.13 -0.844 39.3 54.867
-0.299 -0.361 39.19 54.833
-0.453 0.093 39.1 54.834
-0.683 0.189 39.426 54.85
-0.976 0.111 39.968 54.843
-1.128 0.059 40.39 54.922
-0.711 -0.012 40.409 55.077
-0.193 -0.069 40.398 55.221
0.155 -0.228 40.183 55.297
0.273 -0.537 39.639 55.438
0.402 -0.855 39.101 55.479
0.347 -0.677 38.832 55.545
0.173 -0.198 38.718 55.615
0.048 0.254 38.639 55.712
0.125 0.774 38.932 55.694
0.258 1.351 39.306 55.672
0.307 1.618 39.621 55.703
0.21 1.275 39.847 55.666
0.116 0.937 40.082 55.639
-0.036 0.511 40.156 55.591
-0.233 0.012 40.117 55.636
-0.428 -0.469 40.039 55.613
-0.626 -0.849 39.447 55.604
-0.86 -1.204 38.648 55.593
-0.891 -1.533 38.207 55.719
-0.393 -1.76 38.627 55.896
0.128 -2.017 39.08 55.95
0.684 -1.918 39.639 56.108
1.292 -1.456 40.329 56.259
1.866 -1.035 40.977 56.301
1.744 -0.865 40.988 56.403
1.343 -0.784 40.715 56.528
0.995 -0.773 40.623 56.588
0.665 -1.061 41.011 56.782
0.332 -1.407 41.448 56.815
0.093 -1.479 41.908 56.949
-0.021 -1.202 42.418 56.986
-0.143 -0.946 42.924 57.004
-0.415 -0.694 42.583 57.057
-0.78 -0.461 41.765 57.024
-1.075 -0.171 41.16 57.191
-1.083 0.384 41.298 57.297
-1.046 1.006 41.533 57.351
-0.995 1.447 41.965 57.526
-0.904 1.595 42.762 57.643
-0.805 1.768 43.594 57.98
-0.962 1.499 43.378 58.055
-1.306 0.924 42.454 58.165
-1.567 0.427 41.611 58.238
-1.392 0.223 40.714 58.289
-1.085 0.086 39.752 58.294
-0.942 -0.008 39.176 58.42
-1.099 0.026 39.441 58.37
-1.284 0.067 39.731 58.347
-1.2 0.017 39.855 58.331
-0.884 -0.111 39.843 58.274
-0.594 -0.232 39.825 58.282
-0.374 -0.382 39.574 58.289
-0.152 -0.537 39.222 58.243
-0.078 -0.708 39.015 58.243
-0.435 -0.922 39.184 58.172
-0.851 -1.159 39.384 58.17
-0.957 -1.206 39.526 58.126
-0.728 -1.046 39.609 58.098
-0.515 -0.898 39.698 58.088
-0.001 -0.675 39.845 58.029
0.67 -0.405 40.021 57.985
1.173 -0.219 40.182 57.953
1.082 -0.34 40.308 57.886
0.926 -0.505 40.429 57.835
0.698 -0.624 40.549 57.799
0.338 -0.691 40.67 57.733
-0.017 -0.762 40.788 57.702
-0.28 -0.749 40.973 57.654
-0.512 -0.695 41.192 57.609
-0.649 -0.612 41.418 57.567
-0.215 -0.316 41.722 57.617
0.366 0.027 42.036 57.886
0.664 0.303 42.369 58.039
0.481 0.462 42.738 58.136
0.31 0.637 43.117 58.156
-0.026 0.551 43.326 58.178
-0.49 0.274 43.414 58.17
-0.916 0.009 43.494 58.191
-1.114 -0.336 43.355 58.172
-1.276 -0.729 43.158 58.184
-1.297 -0.944 42.978 58.21
-0.95 -0.734 42.807 58.257
-0.586 -0.511 42.648 58.231
-0.292 -0.26 42.369 58.268
-0.058 0.023 41.98 58.237
0.161 0.293 41.585 58.208
0.013 0.383 40.873 58.188
-0.289 0.401 40.047 58.264
-0.466 0.447 39.239 58.329
-0.323 0.528 38.432 58.351
-0.128 0.644 37.612 58.356
-0.145 0.486 36.924 58.306
-0.411 -0.003 36.396 58.281
-0.66 -0.472 35.862 58.247
-0.896 -0.796 36.119 58.194
-1.115 -1.064 36.761 58.198
-1.365 -1.254 37.332 58.241
-1.732 -1.037 37.855 58.217
-2.14 -0.757 38.371 58.215
-2.377 -0.522 38.836 58.184
-2.35 -0.337 39.217 58.106
-2.342 -0.15 39.598 58.044
-2.038 0.057 40.074 58.022
-1.551 0.303 40.616 57.974
-1.082 0.436 41.135 57.905
-0.596 -0.179 41.557 57.828
-0.072 -0.97 41.957 57.792
0.221 -1.657 42.363 57.782
0.042 -2.187 42.77 57.729
-0.14 -2.756 43.188 57.702
-0.308 -2.658 43.44 57.708
-0.471 -2.009 43.559 57.681
-0.607 -1.438 43.688 57.609
-0.42 -1.075 43.745 57.577
-0.13 -0.778 43.794 57.535
0.114 -0.507 43.788 57.44
0.285 -0.355 43.623 57.432
0.455 -0.191 43.456 57.423
0.582 -0.199 43.223 57.442
0.661 -0.385 42.919 57.399
0.749 -0.56 42.616 57.376
0.963 -0.821 42.218 57.427
1.235 -1.136 41.759 57.406
1.467 -1.345 41.417 57.395
1.567 -1.183 41.479 57.406
1.68 -0.995 41.58 57.451
1.575 -0.697 41.718 57.47
1.174 -0.236 41.92 57.488
0.789 0.218 42.121 57.521
0.554 0.451 41.675 57.564
0.402 0.58 40.862 57.644
0.248 0.652 40.172 57.67
0.133 0.332 39.854 57.632
0.054 -0.057 39.6 57.615
-0.239 -0.397 39.373 57.605
-0.889 -0.676 39.216 57.584
-1.559 -0.96 39.069 57.545
-1.699 -1.147 38.651 57.493
-1.465 -1.281 38.048 57.443
-1.29 -1.365 37.45 57.409
-1.223 -0.963 36.74 57.365
-1.159 -0.445 35.952 57.329
-1.264 0.07 35.478 57.261
-1.755 0.616 35.716 57.194
-2.277 1.201 35.94 57.219
-2.5 1.247 36.552 57.151
-2.464 0.805 37.527 57.111
-2.434 0.421 38.431 57.099
-2.116 0.207 38.791 57.087
-1.687 0.031 38.986 57.049
-1.368 -0.008 39.073 57.061
-1.332 0.391 38.732 57.045
-1.311 0.847 38.341 57.036
-1.369 1.053 38.191 57.024
-1.527 0.984 38.31 56.984
-1.668 0.926 38.411 56.988
-1.277 0.422 38.669 56.989
-0.623 -0.312 38.982 57.04
-0.102 -0.873 39.346 57.032
0.041 -0.872 39.974 57.108
0.13 -0.784 40.63 57.121
0.231 -0.766 41.32 57.156
0.333 -0.825 42.063 57.199
0.432 -0.876 42.827 57.227
0.83 -1.152 42.591 57.256
1.437 -1.559 41.766 57.302
1.89 -1.957 40.995 57.405
1.579 -2.405 40.051 57.404
1.083 -2.884 39.05 57.482
0.802 -3.218 38.276 57.591
0.868 -3.28 37.924 57.745
0.931 -3.345 37.586 57.904
1.101 -3.395 36.964 58
1.364 -3.439 36.12 58.143
1.579 -3.461 35.309 58.193
1.438 -3.245 34.619 58.343
1.175 -2.957 33.926 58.431
1.042 -2.71 33.457 58.631
1.171 -2.52 33.572 58.618
1.332 -2.353 33.707 58.669
1.289 -1.975 33.877 58.722
1.049 -1.388 34.095 58.911
0.824 -0.83 34.283 58.979
0.533 -0.487 34.022 58.929
0.217 -0.227 33.547 58.924
-0.077 0.026 33.299 59.181
-0.31 0.189 33.718 59.307
-0.532 0.357 34.205 59.452
-0.8 0.429 34.645 59.612
-1.124 0.378 35.052 59.602
-1.443 0.331 35.456 59.571
-1.498 0.005 35.866 59.591
-1.391 -0.495 36.257 59.554
-1.424 -0.825 36.742 59.55
-1.984 -0.466 37.611 59.637
-2.678 0.019 38.632 59.692
-3.009 0.365 38.987 59.644
-2.782 0.527 38.279 59.609
-2.578 0.702 37.614 59.601
-2.075 0.633 36.499 59.539
-1.363 0.416 35.073 59.56
-0.743 0.174 33.783 59.533
-0.59 -0.379 33.208 59.496
-0.544 -1.033 32.775 59.462
-0.496 -1.47 32.47 59.409
-0.497 -1.48 32.526 59.37
-0.485 -1.48 32.558 59.32
-0.623 -1.565 32.943 59.3
-0.89 -1.721 33.633 59.303
-1.128 -1.868 34.263 59.314
-1.127 -1.946 34.51 59.255
-1.07 -2.033 34.655 59.217
-0.918 -1.948 34.693 59.122
-0.473 -1.396 34.363 59.094
0.016 -0.765 34.014 59.003
0.225 -0.652 33.657 59.007
0.138 -1.086 33.283 59.042
0.071 -1.489 32.917 59.065
-0.053 -2.21 32.833 59.026
-0.212 -3.098 32.854 58.981
-0.299 -3.774 32.925 58.95
-0.119 -3.713 33.269 58.948
0.083 -3.59 33.632 58.919
0.351 -3.284 34.071 58.881
0.719 -2.695 34.621 58.895
1.088 -2.121 35.174 58.892
1.023 -1.465 35.272 58.9
0.719 -0.744 35.142 58.908
0.436 -0.128 34.94 58.896
0.083 -0.056 34.159 58.91
-0.293 -0.081 33.232 58.929
-0.561 -0.092 32.65 58.867
-0.639 -0.115 32.655 58.866
-0.715 -0.151 32.63 58.861
-0.898 0.118 33.073 58.835
-1.167 0.612 33.856 58.852
-1.397 1.061 34.578 58.891
-1.371 1.355 35.09 58.86
-1.275 1.617 35.597 58.817
-1.2 1.817 35.79 58.728
-1.136 1.835 35.223 58.725
-1.076 1.89 34.624 58.714
-0.993 1.46 34.188 58.675
-0.894 0.583 33.903 58.673
-0.773 -0.256 33.585 58.675
-0.273 -1.167 32.957 58.646
0.388 -2.137 32.212 58.616
0.884 -2.888 31.506 58.635
0.927 -2.958 30.886 58.64
0.951 -2.975 30.217 58.722
0.82 -3.001 30.071 58.769
0.492 -3.022 30.545 58.822
0.181 -3.044 30.978 58.81
0.105 -2.999 31.413 58.861
0.141 -2.923 31.856 58.838
0.169 -2.854 32.223 58.839
0.248 -2.802 32.268 58.823
0.324 -2.742 32.244 58.83
0.452 -2.766 32.404 58.814
0.657 -2.918 32.822 58.767
0.864 -3.072 33.247 58.744
0.908 -3.025 33.196 58.728
0.858 -2.865 32.871 58.689
0.793 -2.672 32.509 58.663
0.525 -2.15 31.713 58.686
0.233 -1.561 30.758 58.751
-0.143 -0.994 30.271 58.751
-0.698 -0.444 30.668 58.702
-1.259 0.105 31.072 58.665
-1.722 0.639 31.423 58.713
-2.115 1.162 31.744 58.705
-2.49 1.676 32.024 58.738
-2.56 2.02 31.811 58.733
-2.557 2.359 31.457 58.773
-2.482 2.467 31.116 58.724
-2.172 1.959 30.729 58.676
-1.851 1.405 30.353 58.679
-1.557 1.046 29.855 58.737
-1.284 0.873 29.226 58.757
-1.032 0.701 28.631 58.8
-1.288 0.936 28.661 58.865
-1.766 1.33 28.914 58.863
-2.113 1.705 29.263 58.85
-2.113 2.102 30.051 59.01
-2.093 2.513 30.985 59.235
-1.924 2.811 31.009 59.425
-1.549 2.961 29.865 59.44
-1.185 3.124 28.786 59.493
-0.959 2.681 27.954 59.771
-0.786 1.935 27.242 59.939
-0.696 1.189 26.614 60.058
-1.051 0.248 26.525 60.336
-1.509 -0.784 26.506 60.383
-1.742 -1.357 26.574 60.503
-1.627 -1.175 26.819 60.693
-1.527 -1.006 27.063 60.758
-1.185 -0.907 27.188 60.923
-0.66 -0.852 27.217 60.899
-0.233 -0.824 27.313 61.129
-0.349 -1.034 27.771 61.194
-0.633 -1.325 28.377 61.135
-0.69 -1.457 28.612 61.256
-0.309 -1.28 28.07 61.378
0.073 -1.066 27.526 61.397
0.578 -1.281 26.819 61.525
1.199 -1.876 25.961 61.466
1.787 -2.409 25.136 61.392
2.034 -2.633 24.631 61.362
2.205 -2.756 24.177 61.397
2.19 -2.851 24.004 61.348
1.586 -2.782 24.697 61.325
0.908 -2.734 25.468 61.284
0.603 -2.412 25.996 61.248
0.7 -1.783 26.269 61.258
0.768 -1.174 26.563 61.291
0.768 -0.467 26.866 61.289
0.747 0.313 27.187 61.274
0.664 0.921 27.46 61.237
0.328 0.893 27.534 61.151
-0.064 0.757 27.605 61.197
-0.261 0.847 27.511 61.317
-0.188 1.23 27.171 61.27
-0.128 1.602 26.845 61.249
0 1.9 26.471 61.299
0.165 2.154 26.076 61.277
0.324 2.409 25.664 61.28
0.455 2.621 25.146 61.349
0.612 2.838 24.582 61.284
0.56 2.97 24.192 61.252
0.121 2.938 24.117 61.203
-0.315 2.923 24.033 61.22
-0.77 2.612 24.055 61.198
-1.254 2.082 24.149 61.177
-1.681 1.576 24.256 61.188
-1.574 1.078 24.565 61.277
-1.342 0.555 24.944 61.253
-1.019 0.209 25.224 61.252
-0.408 0.29 25.291 61.28
0.224 0.4 25.343 61.249
0.707 0.325 25.489 61.183
1.057 0.075 25.728 61.112
1.399 -0.158 25.939 61.085
1.379 -0.354 25.786 61.006
1.209 -0.539 25.497 61.011
1.151 -0.696 25.23 60.938
1.354 -0.752 24.955 60.876
1.64 -0.794 24.676 60.805
1.404 -0.889 24.452 60.777
0.54 -1.045 24.294 60.697
-0.284 -1.2 24.134 60.626
-0.713 -1.406 23.94 60.592
-0.975 -1.653 23.747 60.527
-1.113 -1.82 23.477 60.464
-0.579 -1.629 22.866 60.44
0.114 -1.397 22.172 60.423
0.32 -1.094 21.721 60.424
-0.203 -0.662 21.636 60.393
-0.711 -0.233 21.533 60.39
-0.976 0.137 21.659 60.361
-1.073 0.477 21.929 60.427
-1.218 0.787 22.176 60.387
-1.548 0.816 22.393 60.364
-1.919 0.829 22.613 60.314
-2.292 0.575 22.757 60.251
-2.677 -0.253 22.739 60.242
-3.092 -1.082 22.724 60.201
-3.048 -1.956 22.651 60.157
-2.626 -2.887 22.528 60.142
-2.253 -3.741 22.423 60.091
-1.949 -3.681 22.419 60.098
-1.679 -3.368 22.482 60.067
-1.363 -2.978 22.35 60.075
-0.928 -2.242 21.73 60.035
-0.498 -1.475 21.05 60.083
0.063 -0.902 20.7 60.083
0.767 -0.528 20.685 60.063
1.44 -0.144 20.653 60.189
1.463 -0.014 20.949 60.153
1.239 0.03 21.381 60.156
0.957 0.018 21.755 60.081
0.312 -0.243 21.986 60.046
-0.411 -0.564 22.215 60.022
-0.772 -0.598 22.318 60.048
-0.66 -0.255 22.243 59.988
-0.573 0.069 22.182 60.043
-0.317 0.221 21.447 60.065
0.032 0.271 20.323 60.089
0.339 0.348 19.371 60.066
0.471 0.501 19.041 60.065
0.592 0.648 18.813 60.011
0.577 0.927 18.641 60.052
0.312 1.432 18.618 60.086
0.048 1.95 18.574 60.103
-0.099 2.141 18.889 60.118
-0.159 2.106 19.474 60.082
-0.252 2.091 19.945 60.296
-0.511 1.987 19.75 60.301
-0.829 1.874 19.395 60.389
-1.042 1.714 18.994 60.394
-1.034 1.435 18.42 60.431
-1.025 1.165 17.81 60.473
-0.958 0.765 17.645 60.524
-0.837 0.25 17.872 60.473
-0.721 -0.257 18.083 60.45
-0.572 -0.756 18.626 60.583
-0.42 -1.293 19.307 60.7
-0.235 -1.608 19.803 60.748
0.046 -1.253 19.803 60.802
0.35 -0.838 19.761 60.757
0.507 -0.548 19.772 60.869
0.5 -0.383 19.834 60.875
0.498 -0.221 19.89 60.855
0.227 -0.689 19.678 60.86
-0.183 -1.451 19.344 60.942
-0.492 -2.126 19.031 60.994
-0.477 -2.617 18.738 61.031
-0.406 -3.115 18.423 61.205
-0.425 -3.349 18.306 61.201
-0.559 -3.182 18.479 61.192
-0.691 -3.036 18.644 61.211
-0.77 -2.767 18.641 61.252
-0.825 -2.428 18.548 61.461
-0.855 -2.098 18.409 61.462
-0.738 -1.758 17.922 61.53
-0.559 -1.423 17.331 61.549
-0.592 -1.044 16.992 61.612
-1.014 -0.578 17.107 61.735
-1.438 -0.113 17.218 61.722
-1.823 0.382 17.39 61.739
-2.185 0.908 17.607 61.683
-2.518 1.407 17.82 61.645
-2.475 1.657 18.035 61.599
-2.357 1.844 18.26 61.551
-2.09 1.999 18.421 61.55
-1.397 2.032 18.426 61.568
-0.681 2.074 18.419 61.638
-0.057 1.985 18.494 61.648
0.486 1.767 18.656 61.632
1.014 1.556 18.787 61.62
1.1 1.157 18.343 61.611
0.997 0.704 17.707 61.622
1.025 0.188 16.969 61.62
1.395 -0.567 15.755 61.767
1.794 -1.375 14.491 61.962
2.245 -1.897 13.327 62.028
2.774 -2.063 12.277 61.987
3.299 -2.251 11.219 61.986
3.382 -2.273 10.912 61.934
3.263 -2.22 10.955 61.897
3.076 -2.155 11.072 61.888
2.396 -1.962 11.837 61.846
1.641 -1.75 12.69 61.793
0.917 -1.553 13.556 61.906
0.22 -1.372 14.474 61.907
-0.489 -1.192 15.404 61.9
-0.904 -0.953 15.915 61.961
-1.138 -0.659 16.154 62.023
-1.348 -0.44 16.419 62.018
-1.214 -0.708 16.586 62.061
-0.978 -1.105 16.755 62.066
-0.916 -1.378 16.819 62.062
-1.181 -1.43 16.655 62.072
-1.47 -1.491 16.483 62.002
-1.501 -1.374 16.404 61.968
-1.319 -1.107 16.406 61.978
-1.151 -0.848 16.386 61.927
-0.856 -0.471 16.21 61.978
-0.527 -0.054 15.966 61.989
-0.188 0.325 15.818 61.975
0.186 0.61 15.901 61.956
0.591 0.902 16.015 61.971
0.699 1.065 15.964 62.022
0.491 1.086 15.739 62.005
0.298 1.121 15.531 61.95
-0.146 1.281 15.406 61.907
-0.737 1.487 15.325 61.853
-1.1 1.726 15.206 61.871
-0.676 2.11 14.951 61.835
-0.14 2.533 14.705 61.864
0.229 2.772 14.267 61.918
0.397 2.759 13.558 61.911
0.575 2.762 12.859 61.903
0.509 2.685 12.24 61.877
0.299 2.585 11.64 61.81
0.147 2.404 11.157 61.817
0.194 1.738 11.357 61.846
0.291 0.976 11.695 61.852
0.305 0.297 11.897 61.783
0.186 -0.261 11.901 61.788
0.076 -0.844 11.916 61.786
-0.189 -0.961 11.712 61.713
-0.573 -0.749 11.34 61.767
-0.909 -0.558 11.035 61.844
-0.933 -0.2 11.13 61.854
-0.893 0.215 11.342 61.935
-0.756 0.507 11.472 61.904
-0.364 0.517 11.464 61.843
0.058 0.538 11.445 61.795
0.199 0.335 11.482 61.771
0.085 -0.082 11.57 61.7
-0.014 -0.462 11.654 61.656
-0.27 -0.564 11.692 61.69
-0.589 -0.581 11.743 61.768
-0.846 -0.52 11.648 61.742
-0.938 -0.169 11.082 61.764
-1.022 0.229 10.481 61.812
-1.048 0.382 9.863 61.855
-1.001 0.253 9.209 61.855
-0.959 0.136 8.565 61.808
-0.896 -0.362 8.383 61.869
-0.813 -1.069 8.429 61.811
-0.791 -1.593 8.398 61.793
-1.012 -1.456 8.206 61.722
-1.296 -1.217 7.963 61.691
-1.368 -1.036 7.904 61.621
-1.127 -0.907 8.116 61.602
-0.907 -0.774 8.319 61.572
-0.323 -0.779 8.555 61.528
0.492 -0.867 8.822 61.526
1.239 -0.949 9.025 61.543
1.743 -1.074 8.805 61.505
2.208 -1.199 8.519 61.565
2.577 -1.371 8.109 61.559
2.728 -1.629 7.417 61.531
2.89 -1.907 6.723 61.458
2.889 -1.897 6.061 61.428
2.761 -1.663 5.419 61.434
2.634 -1.439 4.798 61.426
2.372 -1.01 4.499 61.421
2.058 -0.534 4.245 61.392
1.827 -0.016 4.239 61.35
1.783 0.613 4.928 61.306
1.758 1.299 5.642 61.358
1.643 1.423 6.391 61.366
1.443 0.973 7.18 61.407
1.238 0.586 7.98 61.41
0.736 0.483 9.057 61.405
0.107 0.487 10.3 61.392
-0.455 0.54 11.252 61.366
-0.832 0.837 11.245 61.274
-1.234 1.169 11.149 61.182
-1.253 1.379 11.004 61.124
-0.765 1.436 10.764 61.12
-0.307 1.501 10.528 61.126
-0.555 1.733 10.732 61.165
-1.202 2.057 11.157 61.207
-1.685 2.352 11.593 61.34
-1.608 2.559 12.2 61.319
-1.478 2.777 12.919 61.309
-1.047 2.813 13.021 61.265
-0.08 2.538 12.094 61.242
0.901 2.273 11.205 61.261
1.231 1.952 9.881 61.204
1.114 1.585 8.232 61.17
1.075 1.265 6.771 61.188
1.176 1.243 6.413 61.177
1.324 1.303 6.354 61.186
1.439 1.297 6.076 61.163
1.497 1.181 5.452 61.166
1.571 1.069 4.812 61.178
1.398 0.838 4.218 61.132
1.013 0.494 3.65 61.136
0.63 0.188 3.11 61.14
-0.008 0.227 2.963 61.103
-0.765 0.394 2.973 61.067
-1.299 0.481 2.807 61.082
-1.228 0.402 2.208 61.114
-1.115 0.311 1.566 61.147
-1.023 0.196 1.024 61.149
-0.941 0.047 0.581 61.203
-0.865 -0.095 0.142 61.215
-1.036 -0.071 0.316 61.146
-1.321 0.04 0.739 61.116
-1.564 0.069 1.217 61.179
-1.714 -0.158 2.092 61.279
-1.856 -0.458 3.03 61.413
-1.953 -0.453 3.801 61.715
-1.978 -0.024 4.343 61.704
-2.009 0.391 4.903 61.706
-1.94 0.584 4.893 61.703
-1.807 0.662 4.522 61.733
-1.715 0.691 4.345 61.842
-1.796 0.342 4.988 61.899
-1.929 -0.109 5.831 61.956
-1.931 -0.33 6.388 62.084
-1.703 -0.164 6.489 62.161
-1.486 0.017 6.589 62.232
-1.045 -0.11 6.721 62.255
-0.423 -0.478 6.875 62.191
0.127 -0.774 7.029 62.32
0.216 -0.669 7.205 62.382
0.18 -0.438 7.377 62.478
0.146 -0.3 7.595 62.571
0.064 -0.324 7.902 62.601
-0.043 -0.371 8.262 62.654
0.161 -0.253 8.041 62.714
0.668 0.012 7.266 62.717
1.128 0.291 6.544 62.783
1.252 1.01 5.857 63.137
1.251 1.927 5.167 63.255
1.248 2.634 4.601 63.272
1.154 2.728 4.477 63.512
1.065 2.812 4.362 63.504
0.891 2.516 4.478 63.459
0.615 1.739 4.885 63.453
0.343 0.995 5.276 63.478
0.043 0.65 5.219 63.537
-0.289 0.486 4.996 63.539
-0.537 0.386 4.558 63.521
-0.415 0.706 3.002 63.507
-0.236 1.109 1.261 63.51
-0.083 1.319 -0.269 63.483
0.049 1.246 -1.514 63.439
0.183 1.186 -2.796 63.4
0.206 0.968 -3.093 63.338
0.156 0.65 -2.748 63.315
0.126 0.351 -2.558 63.291
0.165 0.098 -2.798 63.252
0.223 -0.153 -3.17 63.204
0.265 -0.339 -3.364 63.259
0.273 -0.376 -3.233 63.213
0.294 -0.433 -3.124 63.169
0.146 -0.181 -2.639 63.145
-0.135 0.32 -1.848 63.126
-0.417 0.806 -1.081 63.132
-0.86 1.396 -0.194 63.261
-1.371 2.058 0.735 63.21
-1.758 2.469 1.596 63.205
-1.832 2.223 2.274 63.2
-1.894 1.935 2.979 63.241
-1.904 1.727 3.309 63.477
-1.854 1.592 3.249 63.602
-1.81 1.457 3.207 63.622
-1.639 1.467 2.817 63.794
-1.462 1.546 2.244 63.974
-1.073 1.569 1.91 64.09
0.107 1.424 2.349 64.073
1.414 1.258 2.894 64.128
2.351 1.105 3.252 64.232
2.82 0.96 3.388 64.3
3.317 0.818 3.534 64.258
3.234 0.642 3.66 64.321
2.837 0.468 3.787 64.361
2.506 0.214 3.871 64.28
2.296 -0.461 3.729 64.378
2.081 -1.232 3.536 64.455
2.081 -1.822 3.437 64.418
2.458 -2.118 3.493 64.363
2.841 -2.444 3.527 64.312
2.952 -2.223 3.971 64.259
2.875 -1.614 4.697 64.189
2.813 -1.089 5.394 64.183
2.694 -0.846 6.081 64.132
2.55 -0.679 6.846 64.077
2.491 -0.508 7.108 64.018
2.615 -0.369 6.228 63.945
2.747 -0.22 5.322 63.94
2.851 -0.188 4.411 63.975
2.941 -0.258 3.473 63.987
2.996 -0.326 2.6 64.011
2.5 -0.465 2.671 64.014
1.805 -0.663 3.077 63.973
1.2 -0.672 3.375 64.015
0.766 -0.131 3.525 64.042
0.334 0.461 3.675 64.065
0.039 0.948 3.665 64.14
-0.094 1.33 3.465 64.085
-0.242 1.706 3.275 64.045
-0.514 1.321 2.722 64.011
-0.85 0.578 2.01 63.965
-1.153 -0.052 1.313 64.002
-1.364 -0.442 0.585 64.064
-1.562 -0.815 -0.171 64.069
-1.765 -1.033 -0.726 64.041
-1.969 -1.005 -0.983 64.037
-2.177 -0.995 -1.257 63.968
-2.296 -0.821 -1.323 63.905
-2.371 -0.568 -1.267 63.859
-2.417 -0.268 -1.232 63.792
-2.238 0.378 -1.193 63.726
-2.021 1.123 -1.185 63.651
-1.777 1.65 -0.989 63.636
-1.463 1.78 -0.44 63.574
-1.151 1.928 0.118 63.535
-0.798 1.819 0.526 63.516
-0.405 1.524 0.837 63.498
-0.053 1.215 1.09 63.436
-0.078 0.547 0.691 63.402
-0.212 -0.244 0.054 63.364
-0.318 -0.875 -0.238 63.333
-0.405 -1.127 0.234 63.358
-0.489 -1.419 0.751 63.323
-0.585 -1.081 1.16 63.282
-0.695 -0.114 1.474 63.232
-0.787 0.78 1.796 63.299
-0.566 1.373 2.171 63.253
-0.207 1.853 2.557 63.257
0.051 2.28 2.988 63.25
0.039 2.418 3.56 63.216
-0.001 2.577 4.187 63.184
-0.02 2.367 4.458 63.116
-0.023 1.683 4.285 63.064
-0.027 1.028 4.139 62.987
0.167 0.253 3.606 62.94
0.452 -0.596 2.883 62.985
0.76 -1.348 2.194 62.93
1.235 -1.652 1.536 62.888
1.752 -1.923 0.868 62.829
2.137 -1.954 0.332 62.831
2.313 -1.569 0.023 62.786
2.507 -1.201 -0.313 62.756
2.376 -0.727 -0.121 62.903
2.043 -0.173 0.416 62.85
1.706 0.31 0.897 62.81
1.173 0.313 1.245 62.747
0.56 0.236 1.634 62.701
0.185 -0.003 1.561 62.643
0.289 -0.645 0.494 62.618
0.408 -1.271 -0.589 62.592
0.408 -2.162 -1.567 62.552
0.313 -3.288 -2.468 62.51
0.215 -4.348 -3.347 62.473
-0.016 -4.767 -3.85 62.407
-0.314 -5.051 -4.24 62.368
-0.468 -4.988 -4.616 62.331
-0.254 -3.828 -4.875 62.345
-0.004 -2.63 -5.157 62.306
0.109 -1.213 -5.164 62.267
0.078 0.465 -4.874 62.279
0.068 2.1 -4.61 62.303
0.345 2.827 -4.409 62.321
0.767 3.211 -4.229 62.326
1.066 3.436 -4.092 62.24
0.971 2.805 -4.126 62.211
0.839 2.064 -4.204 62.222
0.637 1.51 -4.075 62.34
0.322 1.187 -3.666 62.314
0.01 0.85 -3.269 62.282
0.066 0.644 -3.156 62.283
0.332 0.485 -3.225 62.37
0.555 0.418 -3.186 62.322
0.695 0.931 -2.673 62.259
0.834 1.537 -2.081 62.196
0.859 2.173 -1.443 62.159
0.665 2.897 -0.685 62.183
0.488 3.636 0.069 62.145
0.082 3.992 0.812 62.107
-0.489 4.07 1.548 62.115
-1.034 4.186 2.273 62.101
-1.531 4.302 2.881 62.066
-2.019 4.444 3.47 62.04
-2.47 4.475 4.002 62.056
-2.828 4.237 4.378 62.048
-3.183 4.026 4.773 62.122
-3.547 3.402 4.903 62.035
-3.925 2.393 4.79 62.057
-4.277 1.423 4.686 62.035
-4.202 0.44 4.315 62.061
-3.98 -0.545 3.846 62.027
-3.763 -1.508 3.438 62.011
-3.466 -2.412 3.183 62.011
-3.181 -3.29 2.919 62.011
-2.774 -4.35 2.869 61.962
-2.223 -5.621 3.075 61.902
-1.68 -6.886 3.261 62.028
-1.001 -8.525 2.9 62.006
-0.237 -10.391 2.299 62.012
0.413 -11.981 1.643 62.02
0.649 -12.453 0.578 61.986
0.776 -12.845 -0.568 61.911
1.284 -12.705 -1.493 61.897
2.346 -11.696 -2.098 61.938
3.395 -10.723 -2.722 61.92
4.253 -9.869 -3.037 61.867
4.991 -9.115 -3.159 61.787
5.738 -8.28 -3.322 61.745
6.408 -7.006 -3.567 61.784
7.089 -5.629 -3.837 61.755
7.621 -4.335 -4.078 61.69
7.84 -3.176 -4.265 61.621
8.087 -1.985 -4.468 61.571
7.91 -1.315 -4.403 61.574
7.398 -1.052 -4.112 61.535
6.916 -0.765 -3.896 61.496
6.322 -0.748 -4.211 61.546
5.71 -0.803 -4.693 61.539
5.051 -0.838 -5.101 61.464
4.245 -0.844 -5.364 61.48
3.455 -0.877 -5.689 61.447
2.43 -0.61 -5.285 61.441
1.163 -0.048 -4.146 61.379
-0.075 0.518 -3.055 61.349
-1.116 1.837 -1.606 61.335
-2.08 3.453 0.029 61.284
-3.031 5.008 1.363 61.294
-3.9 6.518 1.699 61.282
-4.742 8.042 1.958 61.264
-5.758 9.373 2.024 61.246
-6.997 10.448 1.802 61.291
-8.227 11.546 1.6 61.319
-8.684 11.958 2.252 61.333
-8.743 12.056 3.379 61.455
-8.818 12.031 4.335 61.407
-8.634 11.121 4.763 61.381
-8.432 10.062 5.139 61.311
-8.136 9.123 5.239 61.338
-7.667 8.325 4.833 61.371
-7.214 7.543 4.449 61.359
-6.525 6.388 3.905 61.342
-5.686 4.981 3.264 61.332
-4.834 3.61 2.614 61.339
-3.724 2.28 1.829 61.316
-2.542 0.94 0.978 61.286
-1.445 -0.256 0.34 61.346
-0.505 -1.118 0.149 61.353
0.436 -2.004 -0.02 61.391
1.325 -2.528 -0.394 61.566
2.169 -2.744 -0.954 61.617
3.012 -2.968 -1.465 61.595
3.747 -2.846 -1.562 61.555
4.462 -2.594 -1.517 61.545
5.107 -2.48 -1.506 61.566
5.528 -2.691 -1.522 61.559
5.939 -2.959 -1.52 61.564
6.322 -2.877 -1.745 61.52
6.67 -2.408 -2.224 61.443
7.014 -1.982 -2.683 61.476
6.994 -2.286 -3.175 61.391
6.82 -2.91 -3.671 61.343
6.65 -3.504 -4.194 61.329
6.388 -4.183 -4.802 61.275
6.122 -4.889 -5.463 61.261
5.828 -5.409 -5.806 61.298
5.489 -5.657 -5.695 61.243
5.158 -5.926 -5.616 61.168
4.422 -5.982 -4.928 61.171
3.443 -5.957 -3.888 61.131
2.537 -5.78 -2.921 61.186
1.854 -4.602 -2.105 61.185
1.213 -3.244 -1.294 61.141
0.597 -1.881 -0.676 61.121
0.039 -0.443 -0.431 61.054
-0.505 1.021 -0.176 61.054
-1.338 1.957 -0.031 61.014
-2.39 2.518 0.042 61
-3.404 3.051 0.093 61.021
-4.295 2.867 -0.107 60.945
-5.168 2.496 -0.416 60.95
-5.944 2.155 -0.48 61.02
-6.464 1.801 0.023 61.021
-6.986 1.434 0.532 61.049
-7.398 1.244 1.219 61.045
-7.706 1.221 2.095 61.141
-8.013 1.195 2.908 61.129
-8.047 1.392 2.9 61.136
-7.996 1.68 2.583 61.138
-7.886 1.904 2.321 61.128
-7.506 1.973 2.065 61.129
-7.135 2.009 1.788 61.172
-6.506 2.212 1.769 61.232
-5.551 2.615 2.068 61.184
-4.62 3.005 2.345 61.176
-3.635 3.13 2.419 61.21
-2.645 3.141 2.395 61.294
-1.579 3.087 2.361 61.368
-0.157 2.641 2.218 61.444
1.324 2.139 2.036 61.455
2.741 1.66 2.038 61.463
4.076 1.201 2.314 61.414
5.414 0.74 2.603 61.412
6.692 0.348 2.298 61.468
7.931 -0.007 1.625 61.584
9.177 -0.331 0.952 61.74
10.354 -0.415 -0.055 61.715
11.61 -0.425 -1.164 61.669
12.303 -0.59 -2.04 61.829
11.832 -1.046 -2.468 61.822
11.366 -1.511 -2.898 61.873
10.763 -1.873 -3.231 61.846
10.042 -2.148 -3.487 62.001
9.35 -2.444 -3.74 62.047
8.761 -2.866 -3.853 62.018
8.256 -3.338 -3.919 62.102
7.47 -3.746 -4.024 62.367
5.953 -3.988 -4.185 62.34
4.378 -4.257 -4.396 62.29
3.015 -4.165 -4.139 62.317
1.867 -3.699 -3.394 62.362
0.689 -3.251 -2.698 62.328
-0.806 -2.374 -2.248 62.273
-2.453 -1.327 -1.894 62.267
-3.987 -0.303 -1.589 62.223
-5.175 0.722 -1.518 62.155
-6.354 1.791 -1.499 62.062
-7.3 2.472 -1.249 62.074
-7.917 2.63 -0.7 62.127
-8.556 2.818 -0.166 62.082
-8.924 2.91 0.726 62.003
-9.157 2.965 1.842 61.939
-9.383 2.987 2.781 61.984
-9.429 2.808 2.907 61.959
-9.493 2.578 2.928 61.91
-9.247 2.471 2.722 61.872
-8.449 2.56 2.07 61.928
-7.667 2.652 1.416 61.884
-6.79 2.639 1.021 61.879
-5.847 2.551 0.799 61.89
-4.918 2.474 0.6 61.921
-4.012 2.423 0.792 61.89
-3.123 2.365 1.075 61.895
-2.184 2.382 1.361 61.905
-1.131 2.549 1.696 61.869
-0.086 2.761 2.045 61.857
1.105 2.45 2.199 61.785
2.436 1.679 2.18 61.768
3.728 0.927 2.172 61.767
4.65 -0.176 1.991 61.826
5.433 -1.44 1.785 61.841
6.283 -2.437 1.431 61.829
7.243 -2.681 0.585 61.832
8.246 -2.889 -0.273 61.806
8.954 -2.927 -1.329 61.8
9.328 -2.753 -2.624 61.792
9.719 -2.593 -3.89 61.795
9.465 -2.042 -4.167 61.934
8.931 -1.326 -4.024 62.026
8.403 -0.603 -3.798 62.033
7.673 0.248 -2.956 61.979
6.953 1.142 -1.967 62.014
6.015 1.814 -1.555 62.062
4.749 2.161 -1.972 62.029
3.498 2.531 -2.351 61.981
2.204 2.501 -2.81 61.936
0.878 2.239 -3.3 61.892
-0.411 1.994 -3.819 61.896
-1.493 1.64 -4.527 61.85
-2.536 1.266 -5.302 61.794
-3.568 0.92 -5.877 61.831
-4.556 0.631 -6.08 61.837
-5.555 0.322 -6.303 61.784
-6.425 0.355 -6.247 61.752
-7.208 0.654 -6.001 61.684
-7.961 0.912 -5.694 61.628
-8.241 1.085 -4.502 61.61
-8.426 1.228 -3.074 61.616
-8.433 1.376 -1.635 61.647
-7.913 1.512 -0.074 61.635
-7.395 1.67 1.548 61.606
-6.662 1.577 2.53 61.553
-5.714 1.234 2.894 61.743
-4.786 0.924 3.279 61.702
-3.793 0.861 2.914 61.747
-2.797 0.879 2.238 61.804
-1.72 0.967 1.778 61.827
-0.363 1.332 1.88 61.78
1.028 1.755 2.043 61.787
2.336 1.884 2.175 61.85
3.545 1.649 2.29 61.805
4.763 1.436 2.4 61.754
5.727 1.095 1.861 61.68
6.584 0.691 0.961 61.63
7.365 0.305 0.258 61.592
7.623 -0.053 0.237 61.525
7.883 -0.392 0.331 61.487
7.603 -0.827 0.388 61.635
6.425 -1.411 0.436 61.691
5.259 -2.006 0.47 61.767
4.516 -2.232 0.789 61.843
4.064 -2.225 1.293 62.016
3.551 -2.209 1.775 62.244
2.871 -1.903 2.256 62.262
2.16 -1.516 2.764 62.257
1.373 -1.255 3.089 62.354
0.409 -1.225 3.02 62.464
-0.567 -1.218 2.957 62.599
-1.387 -0.928 2.754 62.592
-2.078 -0.4 2.429 62.599
-2.774 0.101 2.124 62.732
-3.355 0.563 1.874 62.815
-3.908 1.015 1.652 62.863
-4.432 1.438 1.384 62.876
-4.839 1.764 1.001 62.877
-5.274 2.093 0.604 62.967
-5.37 2.352 0.277 62.988
-5.098 2.534 0.021 62.977
-4.856 2.719 -0.238 62.938
-4.532 2.727 -0.406 63.041
-4.19 2.676 -0.541 63.078
-3.804 2.562 -0.663 63.055
-3.225 2.157 -0.714 63.05
-2.636 1.716 -0.758 63.065
-1.964 1.316 -0.795 63.087
-1.171 0.96 -0.823 63.102
-0.386 0.609 -0.845 63.147
0.412 -0.293 -1.31 63.111
1.2 -1.511 -2.012 63.093
2.052 -2.652 -2.724 63.222
3.219 -3.577 -3.653 63.177
4.496 -4.52 -4.684 63.17
5.409 -5.054 -5.253 63.185
5.689 -4.836 -4.998 63.242
5.994 -4.631 -4.777 63.249
5.968 -4.386 -4.124 63.254
5.709 -4.113 -3.17 63.222
5.47 -3.854 -2.231 63.34
5.116 -3.667 -1.114 63.369
4.749 -3.511 0.092 63.459
4.322 -3.287 1.006 63.386
3.743 -2.917 1.242 63.364
3.16 -2.54 1.487 63.405
2.592 -2.2 1.387 63.474
2.039 -1.896 0.953 63.436
1.482 -1.579 0.59 63.412
0.876 -1.068 0.887 63.504
0.26 -0.507 1.409 63.513
-0.393 0.137 1.978 63.55
-1.159 1.059 2.84 63.639
-1.954 2.042 3.72 63.66
-2.557 2.655 4.592 63.709
-2.935 2.838 5.46 63.758
-3.328 3.047 6.329 63.732
-3.552 2.768 6.734 63.786
-3.713 2.264 6.964 63.774
-3.822 1.804 7.024 63.78
-3.638 1.402 6.19 63.737
-3.435 0.972 5.227 63.737
-3.1 0.839 4.348 63.748
-2.549 1.162 3.553 63.705
-2.008 1.469 2.749 63.661
-1.428 1.759 2.251 63.677
-0.827 2.039 1.939 63.696
-0.231 2.307 1.617 63.68
0.314 2.421 1.382 63.642
0.887 2.572 1.189 63.666
1.22 2.31 0.816 63.685
1.08 1.226 0.085 63.723
0.924 0.122 -0.632 63.78
1.036 -0.656 -1.562 63.808
1.364 -1.185 -2.659 63.801
1.663 -1.708 -3.736 63.794
1.868 -1.833 -4.777 63.778
2.084 -1.855 -5.821 63.754
2.071 -1.851 -6.772 63.831
1.47 -1.73 -7.461 63.786
0.794 -1.585 -8.153 63.762
0.627 -1.66 -8.716 63.737
0.97 -1.962 -9.157 63.745
1.267 -2.233 -9.562 63.739
1.485 -2.264 -8.681 63.666
1.692 -2.177 -7.32 63.696
1.769 -2.198 -5.902 63.666
1.369 -2.519 -3.991 63.638
0.911 -2.903 -1.995 63.589
0.56 -3.024 -0.392 63.58
0.331 -2.816 0.71 63.539
0.096 -2.627 1.843 63.61
-0.286 -2.226 2.514 63.612
-0.757 -1.718 2.951 63.607
-1.17 -1.23 3.42 63.576
-1.341 -0.748 3.878 63.572
-1.491 -0.279 4.318 63.515
-1.517 0.265 4.897 63.457
-1.319 0.927 5.7 63.393
-1.129 1.606 6.52 63.378
-0.898 1.813 6.863 63.299
-0.639 1.695 6.898 63.241
-0.397 1.641 6.91 63.243
-0.263 1.739 6.408 63.204
-0.15 1.887 5.794 63.186
-0.062 1.983 5.172 63.194
-0.043 1.976 4.479 63.178
-0.025 1.984 3.781 63.204
0.006 1.766 3.172 63.17
0.052 1.348 2.643 63.156
0.084 0.964 2.097 63.132
-0.022 0.796 1.413 63.078
-0.199 0.683 0.689 63.055
-0.236 0.656 -0.071 63.121
0.113 0.9 -0.945 63.154
0.478 1.204 -1.868 63.103
0.936 1.079 -2.39 63.061
1.511 0.485 -2.47 62.988
2.057 -0.081 -2.574 62.923
1.802 -0.847 -2.243 62.963
1.177 -1.724 -1.707 62.982
0.68 -2.448 -1.298 62.977
0.435 -2.6 -1.274 63.02
0.242 -2.71 -1.291 63.033
-0.053 -2.608 -1.366 63.047
-0.476 -2.177 -1.544 63.031
-0.901 -1.762 -1.713 63.071
-0.972 -1.484 -2.233 63.081
-0.833 -1.292 -2.994 63.079
-0.741 -1.081 -3.563 63.029
-0.748 -0.848 -3.142 63.012
-0.766 -0.586 -2.579 62.959
-0.851 -0.469 -1.74 62.996
-1.072 -0.616 -0.308 62.963
-1.285 -0.755 1.115 62.977
-1.643 -1.044 2.543 62.979
-2.124 -1.461 3.992 62.971
-2.533 -1.797 5.359 62.965
-2.403 -1.483 5.898 62.953
-2.131 -1.013 6.265 62.937
-1.85 -0.45 6.375 62.91
-1.476 0.42 5.761 62.933
-1.099 1.318 5.101 62.854
-0.76 1.965 4.728 62.804
-0.454 2.37 4.617 62.841
-0.164 2.807 4.503 62.811
-0.228 3.315 4.71 62.758
-0.43 3.885 5.076 62.714
-0.565 4.29 5.204 62.73
-0.537 4.123 4.61 62.718
-0.52 3.986 3.975 62.769
-0.264 3.173 3.167 62.795
0.289 1.52 2.128 62.79
0.822 -0.08 1.104 62.804
1.16 -1.56 -0.336 62.865
1.411 -3.022 -1.977 62.937
1.616 -4.254 -3.574 62.879
1.546 -4.35 -5.096 62.85
1.425 -4.338 -6.635 62.812
1.404 -3.954 -7.947 62.816
1.523 -2.93 -8.883 62.802
1.645 -1.921 -9.868 62.795
1.555 -1.139 -9.835 62.784
1.325 -0.479 -9.18 62.752
1.131 0.072 -8.527 62.701
1.053 -0.301 -7.342 62.683
1.003 -0.823 -5.975 62.67
0.951 -1.617 -5.106 62.681
0.907 -3.039 -5.209 62.679
0.865 -4.51 -5.32 62.681
0.784 -5.255 -5.465 62.661
0.66 -5.426 -5.664 62.659
0.579 -5.58 -5.767 62.674
0.883 -4.691 -4.701 62.663
1.355 -3.512 -3.333 62.74
1.538 -2.311 -1.736 62.941
1.017 -0.911 0.651 63.125
0.433 0.541 3.116 63.208
0.086 1.507 5.138 63.248
-0.025 1.971 6.713 63.399
-0.149 2.457 8.291 63.4
-0.114 2.292 8.784 63.44
-0.001 1.862 8.856 63.512
0.029 1.505 8.901 63.549
-0.173 1.252 8.538 63.514
-0.447 1.011 8.173 63.527
-0.35 0.804 7.56 63.58
0.236 0.653 6.604 63.494
0.798 0.493 5.666 63.508
1.26 0.75 4.842 63.535
1.685 1.22 4.069 63.517
2.014 1.708 3.346 63.496
1.773 2.453 2.927 63.448
1.449 3.263 2.576 63.44
1.05 3.895 2.09 63.4
0.483 4.236 1.387 63.641
-0.086 4.588 0.69 63.698
-0.534 4.788 -0.071 63.671
-0.916 4.881 -0.87 63.664
-1.233 4.992 -1.685 63.704
-0.945 5.087 -2.701 63.817
-0.498 5.213 -3.737 63.825
-0.14 5.158 -4.93 63.851
0.089 4.675 -6.469 63.796
0.314 4.22 -8.082 63.762
0.518 3.301 -8.857 63.746
0.702 1.962 -8.896 63.777
0.88 0.678 -8.962 63.783
0.9 -0.383 -8.288 63.826
0.875 -1.388 -7.353 63.831
0.811 -2.255 -6.571 63.763
0.606 -2.65 -6.109 63.762
0.374 -3.021 -5.685 63.746
0.321 -3.342 -5.157 63.804
0.471 -3.597 -4.515 63.757
0.61 -3.854 -3.887 63.755
0.86 -3.813 -3.307 63.722
1.178 -3.634 -2.808 63.699
1.394 -3.501 -2.038 63.64
1.229 -3.485 -0.202 63.58
1.006 -3.462 1.839 63.589
0.847 -3.619 3.38 63.6
0.763 -4.045 4.232 63.605
0.679 -4.468 5.117 63.569
0.513 -4.537 5.809 63.499
0.302 -4.396 6.398 63.506
0.075 -4.271 6.977 63.453
-0.254 -4.049 7.381 63.397
-0.653 -3.821 7.77 63.35
-0.722 -3.543 8.055 63.345
-0.178 -3.161 8.108 63.417
0.39 -2.784 8.207 63.394
0.529 -2.348 7.569 63.39
0.34 -1.866 6.365 63.404
0.182 -1.397 5.227 63.404
-0.037 -1.017 4.089 63.435
-0.287 -0.655 2.945 63.423
-0.431 -0.332 1.888 63.442
-0.324 -0.121 1.054 63.38
-0.187 0.089 0.224 63.41
-0.283 0.257 -0.547 63.428
-0.607 0.38 -1.256 63.446
-0.907 0.512 -1.971 63.442
-1.166 0.769 -2.764 63.414
-1.403 1.074 -3.556 63.417
-1.645 1.375 -4.495 63.409
-1.87 1.684 -5.965 63.32
-2.129 2.012 -7.457 63.403
-2.095 2.172 -9.165 63.442
-1.693 2.119 -11.157 63.506
-1.313 2.081 -13.135 63.49
-0.948 1.924 -13.787 63.471
-0.577 1.721 -13.802 63.663
-0.287 1.483 -13.751 63.673
-0.391 1.041 -12.831 63.615
-0.549 0.559 -11.839 63.574
-0.738 0.155 -10.536 63.548
-0.994 -0.127 -8.684 63.578
-1.259 -0.429 -6.842 63.551
-1.191 -0.256 -5.182 63.528
-0.892 0.24 -3.634 63.53
-0.673 0.64 -2.122 63.531
-0.779 0.645 -1 63.508
-1.003 0.559 0.038 63.486
-0.972 0.448 1.071 63.456
-0.443 0.236 2.045 63.434
0.107 0.034 3.036 63.395
0.432 -0.302 3.791 63.407
0.564 -0.757 4.34 63.389
0.731 -1.174 4.937 63.332
1.067 -1.232 5.823 63.269
1.468 -1.194 6.829 63.226
1.818 -1.063 7.692 63.187
2.043 -0.598 8.185 63.128
2.29 -0.13 8.704 63.085
2.225 0.479 8.744 63.11
1.819 1.242 8.264 63.149
1.452 1.996 7.813 63.152
1.397 2.766 6.755 63.156
1.494 3.579 5.458 63.198
1.502 4.201 4.147 63.146
1.273 4.077 2.667 63.162
0.996 3.9 1.085 63.173
0.862 3.476 0.2 63.126
0.912 2.678 0.279 63.094
0.957 1.899 0.309 63.145
0.768 1.332 0.421 63.18
0.45 0.889 0.59 63.168
0.137 0.433 0.661 63.166
-0.246 0.031 0.172 63.131
-0.655 -0.385 -0.354 63.12
-0.955 -0.665 -1.29 63.113
-1.062 -0.697 -2.992 63.041
-1.177 -0.739 -4.705 63.081
-1.201 -0.657 -5.994 63.175
-1.17 -0.482 -6.997 63.173
-1.105 -0.341 -7.941 63.099
-0.684 -0.439 -8.018 63.053
-0.156 -0.565 -7.891 63.023
0.271 -0.884 -7.715 63.096
0.5 -1.673 -7.286 63.024
0.736 -2.502 -6.921 63.003
0.803 -2.998 -5.759 63.023
0.714 -3.205 -3.86 63.13
0.63 -3.383 -2.039 63.221
0.35 -2.628 -0.405 63.296
-0.005 -1.513 1.211 63.256
-0.308 -0.624 2.522 63.304
-0.494 -0.257 2.807 63.326
-0.661 0.074 3.043 63.303
-0.903 0.298 3.04 63.297
-1.231 0.377 2.729 63.256
-1.551 0.473 2.446 63.286
-1.654 0.808 2.561 63.26
-1.664 1.279 2.874 63.23
-1.644 1.636 3.132 63.193
-1.411 1.574 3.267 63.232
-1.165 1.463 3.42 63.185
-0.824 1.281 3.292 63.205
-0.33 0.966 2.728 63.337
0.159 0.66 2.177 63.437
0.643 0.168 1.699 63.466
1.136 -0.46 1.249 63.43
1.576 -0.976 0.873 63.382
1.701 -0.864 1.002 63.327
1.731 -0.639 1.244 63.372
1.955 -0.305 1.416 63.385
2.528 0.294 1.51 63.407
3.124 0.919 1.568 63.362
3.397 1.079 2.216 63.365
3.431 0.872 3.357 63.331
3.438 0.7 4.344 63.322
2.881 0.49 4.142 63.308
2.114 0.241 3.65 63.354
1.654 0.18 2.861 63.363
1.905 0.589 1.139 63.366
2.196 1.051 -0.681 63.388
2.475 1.191 -1.857 63.341
2.762 1.014 -2.402 63.373
3.018 0.858 -2.957 63.512
2.584 0.629 -2.397 63.51
1.862 0.338 -1.373 63.556
1.247 0.231 -0.572 63.517
0.833 0.738 -0.309 63.545
0.443 1.34 -0.06 63.551
0.06 1.639 -0.215 63.52
-0.304 1.563 -0.916 63.507
-0.673 1.508 -1.59 63.47
-1.444 1.554 -1.743 63.47
-2.464 1.671 -1.651 63.408
-3.278 1.71 -1.455 63.369
-3.227 1.409 -0.567 63.401
-3.021 1.039 0.492 63.391
-2.911 0.777 1.087 63.399
-2.906 0.672 0.947 63.417
-2.9 0.57 0.823 63.372
-2.977 0.333 0.702 63.325
-3.134 -0.011 0.601 63.294
-3.19 -0.286 0.45 63.28
-2.575 -0.161 -0.077 63.236
-1.768 0.093 -0.701 63.181
-1.158 0.145 -1.262 63.193
-0.913 -0.203 -1.712 63.149
-0.651 -0.546 -2.19 63.162
-0.756 -1.061 -2.264 63.204
-1.187 -1.73 -1.993 63.154
-1.567 -2.368 -1.732 63.149
-1.614 -2.801 -1.181 63.155
-1.603 -3.165 -0.478 63.178
-1.313 -3.535 -0.116 63.197
-0.171 -3.876 -0.704 63.129
1.071 -4.23 -1.338 63.133
1.85 -4.454 -2.133 63.147
2.131 -4.532 -3.132 63.134
2.445 -4.626 -4.093 63.149
2.483 -4.86 -4.069 63.25
2.422 -5.177 -3.61 63.329
2.316 -5.387 -3.209 63.379
1.959 -5.186 -2.771 63.425
1.567 -4.972 -2.285 63.443
1.233 -4.482 -2.201 63.625
0.973 -3.581 -2.691 63.82
0.706 -2.698 -3.168 63.867
0.682 -1.859 -2.931 63.856
0.807 -1.039 -2.303 63.904
0.865 -0.261 -1.614 63.878
0.643 0.218 -0.275 63.875
0.369 0.676 1.263 63.824
0.083 0.922 2.23 63.796
-0.247 0.759 2.191 63.763
-0.585 0.593 2.163 63.733
-0.75 0.527 2.012 63.676
-0.779 0.526 1.754 63.619
-0.853 0.562 1.584 63.639
-1.211 1.011 2.132 63.798
-1.636 1.6 2.867 63.747
-2.113 1.995 3.623 63.699
-2.731 1.971 4.494 63.701
-3.408 1.94 5.432 63.654
-3.444 1.814 5.6 63.676
-2.861 1.595 5.032 63.618
-2.367 1.385 4.531 63.569
-2.323 1.237 3.839 63.532
-2.496 1.08 3.118 63.505
-2.452 1.082 2.272 63.477
-1.805 1.622 0.995 63.431
-1.106 2.204 -0.343 63.401
-0.399 2.802 -1.447 63.4
0.336 3.434 -2.277 63.366
1.065 4.059 -3.115 63.418
1.394 3.843 -2.431 63.398
1.527 3.218 -0.983 63.399
1.688 2.651 0.231 63.35
1.815 2.045 0.84 63.313
1.959 1.443 1.485 63.279
1.98 0.839 1.154 63.292
1.811 0.236 -0.742 63.328
1.639 -0.37 -2.605 63.312
1.837 -0.883 -3.919 63.29
2.292 -1.346 -4.909 63.271
2.635 -1.772 -5.79 63.248
2.445 -1.889 -5.57 63.211
2.13 -1.932 -5.147 63.168
1.862 -2.025 -4.571 63.128
1.63 -2.184 -3.578 63.102
1.409 -2.35 -2.584 63.066
1.085 -2.458 -1.644 63.01
0.685 -2.525 -0.739 63.007
0.267 -2.571 0.134 62.991
-0.445 -2.29 0.507 62.97
-1.272 -1.911 0.77 62.903
-1.931 -1.557 0.837 62.887
-2.171 -1.225 0.307 62.892
-2.412 -0.886 -0.282 62.864
-2.421 -0.647 -0.558 62.895
-2.187 -0.517 -0.523 62.847
-1.955 -0.363 -0.485 62.831
-1.229 0.162 0.399 62.897
-0.28 0.854 1.637 62.854
0.52 1.458 2.771 62.926
0.9 1.823 3.715 63.059
1.235 2.187 4.681 63.115
1.551 2.326 5.258 63.067
1.823 2.149 5.299 63.031
2.104 1.99 5.378 63.008
2.104 1.702 4.645 62.95
1.97 1.326 3.48 62.921
1.788 1.058 2.377 62.937
1.236 1.303 1.277 62.888
0.615 1.652 0.139 62.877
0.074 1.885 -0.68 62.795
-0.348 1.955 -0.941 62.848
-0.781 2.03 -1.209 62.848
-1.026 2.045 -1.606 62.864
-1.142 2.029 -2.11 62.871
-1.262 1.974 -2.543 62.895
-1.283 1.578 -2.504 62.912
-1.272 1.086 -2.338 62.897
-1.322 0.674 -2.229 63.023
-1.495 0.405 -2.202 63.033
-1.687 0.128 -2.15 63.104
-1.675 0.006 -2.462 63.113
-1.479 0.02 -3.097 63.173
-1.311 0.031 -3.713 63.164
-1.28 0.237 -4.43 63.154
-1.3 0.499 -5.244 63.189
-1.305 0.786 -5.705 63.144
-1.276 1.159 -5.105 63.197
-1.274 1.583 -4.45 63.279
-0.976 1.573 -3.605 63.262
-0.335 1.066 -2.516 63.21
0.28 0.597 -1.451 63.205
0.756 0.228 -0.842 63.323
1.184 -0.087 -0.411 63.337
1.527 -0.412 -0.1 63.373
1.451 -0.731 -0.401 63.394
1.346 -1.073 -0.832 63.47
1.074 -1.247 -0.84 63.527
0.537 -1.176 -0.254 63.61
0.004 -1.113 0.314 63.634
-0.172 -1.097 0.726 63.631
-0.136 -1.094 1.054 63.697
-0.118 -1.158 1.334 63.757
-0.033 -1.63 1.274 63.805
0.072 -2.219 1.094 63.763
0.101 -2.558 1.276 63.746
-0.015 -2.438 2.125 63.78
-0.129 -2.354 2.962 63.777
-0.271 -1.686 4.01 63.758
-0.437 -0.571 5.243 63.694
-0.586 0.488 6.363 63.651
-0.569 1.46 6.523 63.65
-0.518 2.444 6.434 63.664
-0.402 3.188 6.259 63.717
-0.109 3.302 5.728 63.798
0.207 3.417 5.19 64.107
0.336 3.262 4.63 64.353
0.285 2.838 4.046 64.489
0.242 2.425 3.47 64.576
0.03 1.736 3.071 64.613
-0.25 0.911 2.713 64.66
-0.485 0.274 2.474 64.823
-0.6 0.227 2.653 64.99
-0.707 0.219 2.917 65.091
-0.781 0.346 2.767 65.185
-0.809 0.666 2.108 65.304
-0.839 0.969 1.478 65.326
-0.813 0.608 0.215 65.35
-0.758 -0.126 -1.385 65.389
-0.713 -0.655 -2.83 65.586
-0.713 -0.468 -3.758 65.653
-0.699 -0.159 -4.627 65.8
-0.833 0.089 -5.315 65.8
-1.21 0.285 -5.666 65.825
-1.579 0.473 -6.047 65.91
-1.899 0.812 -6.044 65.884
-2.165 1.233 -5.816 65.917
-2.514 1.701 -5.527 65.906
-3.338 2.538 -4.593 65.962
-4.356 3.524 -3.485 65.96
-4.854 4.094 -2.586 65.994
-4.294 3.814 -2.074 65.998
-3.735 3.527 -1.545 66
-2.982 3.252 -1.392 65.993
-2.051 3.004 -1.578 66.028
-1.174 2.687 -1.658 66.151
-0.757 1.487 -0.889 66.147
-0.477 0.002 0.186 66.11
-0.231 -1.396 1.049 66.077
-0.156 -2.663 1.464 66.083
-0.11 -4 1.869 66.061
0.145 -4.518 2.051 66.022
0.619 -4.149 1.981 65.99
1.084 -3.846 1.938 65.981
1.797 -3.249 2.176 65.934
2.637 -2.547 2.504 65.88
3.345 -1.828 2.971 65.828
3.633 -0.995 4.02 65.762
3.854 -0.109 5.18 65.696
4.222 0.45 5.975 65.613
4.773 0.554 6.283 65.615
5.323 0.691 6.626 65.575
5.443 0.293 5.991 65.493
5.327 -0.391 4.796 65.472
5.221 -1.062 3.756 65.413
4.959 -1.861 3.163 65.379
4.677 -2.737 2.601 65.385
4.378 -3.21 2.424 65.336
4.039 -2.965 2.968 65.312
3.693 -2.739 3.512 65.277
3.515 -2.348 3.84 65.202
3.469 -1.85 4.016 65.186
3.364 -1.324 4.186 65.154
2.874 -0.391 4.075 65.087
2.289 0.629 3.946 65.074
1.676 1.726 3.538 64.99
0.962 3.028 2.433 64.918
0.215 4.394 1.332 64.856
-0.131 5.052 -0.061 64.81
-0.107 5.066 -1.747 64.745
-0.116 5.109 -3.342 64.69
-0.146 4.56 -3.822 64.704
-0.14 3.797 -3.932 64.669
-0.387 3.145 -3.953 64.681
-1.41 2.738 -3.492 64.725
-2.54 2.338 -2.937 64.722
-3.236 2.071 -2.973 64.641
-3.436 1.97 -3.701 64.676
-3.668 1.854 -4.38 64.792
-3.559 1.48 -4.947 64.799
-3.305 0.979 -5.445 64.739
-3.039 0.516 -5.979 64.687
-2.621 0.156 -6.587 64.684
-2.168 -0.235 -7.259 64.615
-1.849 -0.282 -7.554 64.569
-1.731 0.197 -7.276 64.597
-1.606 0.667 -7.034 64.602
-1.477 0.786 -6.277 64.595
-1.344 0.698 -5.207 64.664
-1.206 0.584 -4.181 64.629
-1.04 0.089 -3.179 64.589
-0.861 -0.477 -2.155 64.559
-0.725 -1.046 -1.331 64.523
-0.671 -1.65 -0.909 64.503
-0.611 -2.257 -0.485 64.506
-0.683 -2.792 -0.071 64.47
-0.875 -3.278 0.35 64.446
-1 -3.736 0.722 64.471
-0.556 -3.815 0.632 64.496
0.071 -3.785 0.339 64.565
0.594 -3.77 0.451 64.625
0.918 -3.742 1.551 64.692
1.268 -3.705 2.69 64.733
1.216 -3.803 3.948 64.742
0.753 -4.047 5.356 64.73
0.328 -4.253 6.702 64.745
0.038 -3.945 6.78 64.724
-0.238 -3.397 6.381 64.657
-0.297 -3.038 5.915 64.703
0.416 -3.2 4.895 64.747
1.265 -3.443 3.82 64.727
1.587 -3.475 2.844 64.702
1.249 -3.254 1.985 64.741
0.947 -3.047 1.116 64.707
0.877 -2.774 1.103 64.677
0.939 -2.472 1.522 64.644
0.967 -2.168 1.935 64.611
0.912 -1.825 2.662 64.639
0.855 -1.484 3.448 64.63
0.71 -1.091 4.103 64.707
0.414 -0.613 4.542 64.758
0.119 -0.13 5.021 64.818
-0.115 0.176 4.712 64.775
-0.31 0.359 3.891 64.782
-0.5 0.568 3.058 64.814
-0.603 0.831 1.595 64.828
-0.697 1.129 -0.023 64.801
-0.724 1.311 -1.531 64.801
-0.6 1.251 -2.845 64.773
-0.458 1.181 -4.195 64.715
-0.552 1.178 -4.985 64.702
-0.857 1.224 -5.288 64.968
-1.124 1.296 -5.631 64.933
-1.171 1.737 -5.718 64.916
-1.13 2.341 -5.777 64.845
-1.165 2.71 -5.603 64.91
-1.38 2.476 -4.72 64.911
-1.601 2.18 -3.775 64.92
-1.897 2.079 -3.005 64.908
-2.281 2.179 -2.419 64.894
-2.649 2.27 -1.818 64.912
-2.546 2.597 -1.251 64.868
-2.235 3.034 -0.661 64.817
-1.95 3.412 -0.239 64.893
-1.62 3.635 -0.479 64.842
-1.297 3.819 -0.816 64.833
-0.901 4.139 -1.027 64.797
-0.407 4.639 -1.08 64.763
0.101 5.14 -1.154 64.762
-0.301 5.258 -0.296 64.762
-1.207 5.181 1.115 64.751
-2.133 5.017 2.383 64.797
-3.579 4.118 3.204 64.781
-5.174 3.131 4.027 64.757
-6.346 1.882 4.236 64.8
-6.755 0.094 3.268 64.857
-7.214 -1.686 2.324 64.909
-6.857 -3.478 1.099 64.938
-5.902 -5.28 -0.369 64.94
-4.991 -7.062 -1.664 64.87
-3.775 -8.587 -1.58 64.807
-2.49 -10.101 -1.133 64.805
-1.215 -11.301 -0.671 64.784
0.059 -11.682 0.006 64.773
1.348 -12.092 0.704 64.775
2.465 -11.894 1.171 64.742
3.425 -11.114 1.426 64.819
4.37 -10.374 1.668 64.821
4.756 -9.204 1.167 64.932
4.921 -7.907 0.434 65.029
5.21 -6.527 -0.446 65.078
5.768 -4.825 -1.933 65.056
6.374 -3.025 -3.533 65.001
6.776 -1.88 -4.519 65.059
6.935 -1.527 -4.769 65.05
7.113 -1.127 -5.066 65.061
7.539 -1.532 -5.101 65.089
8.107 -2.33 -5.023 65.075
8.572 -3.012 -4.939 65.163
8.633 -3.422 -4.751 65.258
8.672 -3.828 -4.532 65.335
8.442 -3.932 -4.448 65.409
7.762 -3.535 -4.572 65.438
7.109 -3.172 -4.692 65.454
6.199 -2.358 -4.699 65.466
5.14 -1.263 -4.618 65.544
4.064 -0.206 -4.603 65.609
2.715 0.877 -4.939 65.622
1.319 1.952 -5.374 65.668
-0.126 3.073 -5.675 65.629
-1.687 4.286 -5.713 65.705
-3.264 5.506 -5.804 65.792
-4.59 6.645 -5.066 65.854
-5.716 7.725 -3.647 65.96
-6.839 8.788 -2.312 65.963
-7.604 9.52 -1.066 65.928
-8.283 10.179 0.148 65.948
-8.887 10.715 1.328 66.011
-9.24 10.848 2.376 66.066
-9.573 10.994 3.457 66.15
-9.999 10.833 4.152 66.168
-10.522 10.352 4.452 66.183
-11.025 9.878 4.757 66.179
-11.03 8.714 4.207 66.153
-10.869 7.281 3.294 66.121
-10.549 5.856 2.52 66.079
-9.511 4.305 2.041 66.118
-8.408 2.708 1.575 66.098
-7.251 1.421 1.307 66.072
-5.996 0.552 1.32 66.06
-4.747 -0.347 1.319 66.078
-4.022 -0.542 1.521 66.028
-3.619 -0.367 1.868 65.982
-3.016 -0.22 2.036 65.964
-1.578 0.073 1.338 65.938
-0.013 0.403 0.498 65.979
1.668 0.591 -0.374 65.936
3.595 0.528 -1.349 65.951
5.553 0.495 -2.355 65.959
6.721 -0.021 -2.625 65.967
7.337 -0.857 -2.387 65.882
8.01 -1.707 -2.181 65.811
8.53 -3.001 -1.694 65.863
9.043 -4.428 -1.121 65.915
9.444 -5.668 -0.713 65.878
9.571 -6.527 -0.651 65.866
9.711 -7.396 -0.601 65.843
9.623 -8.015 -0.501 65.795
9.338 -8.416 -0.361 65.77
9.044 -8.799 -0.217 65.757
8.275 -8.473 0.032 65.771
7.354 -7.939 0.315 65.731
6.424 -7.288 0.605 65.677
5.37 -6.135 0.918 65.673
4.324 -4.973 1.264 65.626
3.162 -3.607 1.316 65.616
1.868 -1.997 1.033 65.622
0.581 -0.412 0.774 65.622
-0.708 0.53 0.558 65.619
-2.026 1.203 0.349 65.684
-3.204 1.802 0.216 65.688
-3.799 1.892 0.42 65.649
-4.322 1.915 0.652 65.598
-4.829 2.008 0.991 65.612
-5.285 2.187 1.501 65.695
-5.744 2.362 2.004 65.773
-6.258 2.581 2.548 65.792
-6.812 2.824 3.13 65.753
-7.331 3.073 3.643 65.692
-7.666 3.376 3.717 65.771
-7.96 3.694 3.747 65.803
-8.281 3.98 3.521 65.725
-8.624 4.209 2.767 65.689
-8.995 4.437 2.019 65.66
-8.914 4.663 1.261 65.683
-8.498 4.888 0.499 65.677
-8.076 5.112 -0.269 65.637
-7.157 5.309 -1.054 65.648
-6.108 5.517 -1.895 65.625
-5.07 5.621 -2.441 65.614
-3.988 5.443 -2.256 65.675
-2.912 5.284 -2.024 65.646
-1.792 4.818 -1.967 65.649
-0.638 4.056 -2.06 65.674
0.535 3.293 -2.185 65.646
2.095 1.885 -3.166 65.651
3.854 0.228 -4.539 65.591
5.335 -1.35 -5.534 65.545
5.949 -2.785 -5.398 65.498
6.504 -4.249 -5.234 65.501
6.876 -5.32 -4.393 65.439
6.985 -5.887 -2.662 65.415
7.117 -6.487 -0.988 65.528
7.641 -6.592 -0.202 65.48
8.396 -6.465 0.138 65.447
8.994 -6.321 0.478 65.417
8.99 -5.879 0.482 65.444
8.907 -5.438 0.417 65.461
8.708 -4.702 0.538 65.478
8.278 -3.476 0.939 65.546
7.862 -2.254 1.347 65.547
7.34 -1.221 1.408 65.568
6.761 -0.284 1.238 65.54
6.15 0.544 1.107 65.599
5.223 0.487 1.046 65.584
4.239 0.213 0.998 65.565
3.186 0.067 0.986 65.476
1.96 0.101 1.056 65.411
0.726 0.139 1.139 65.379
-0.41 0.183 1.036 65.332
-1.475 0.229 0.785 65.374
-2.503 0.298 0.518 65.391
-2.983 0.726 -0.138 65.39
-3.249 1.236 -0.944 65.416
-3.769 1.895 -1.565 65.466
-4.894 3.006 -1.721 65.51
-6.082 4.193 -1.868 65.506
-7.042 4.878 -1.821 65.516
-7.771 5.033 -1.556 65.539
-8.509 5.217 -1.314 65.591
-8.887 4.914 -1.217 65.633
-9.118 4.41 -1.19 65.635
-9.362 3.941 -1.132 65.675
-9.523 3.484 -0.987 65.652
-9.725 3.006 -0.847 65.642
-9.563 2.733 -0.588 65.7
-8.888 2.744 -0.163 65.69
-8.248 2.749 0.256 65.662
-7.13 2.325 0.532 65.691
-5.758 1.684 0.74 65.626
-4.395 0.972 0.892 65.578
-2.899 -0.321 0.659 65.637
-1.343 -1.746 0.356 65.682
-0.059 -2.924 0.085 65.75
0.743 -3.688 -0.151 65.772
1.558 -4.488 -0.402 65.756
2.23 -4.685 -0.34 65.7
2.792 -4.462 -0.052 65.632
3.395 -4.24 0.206 65.611
4.219 -3.58 0.43 65.597
5.112 -2.776 0.667 65.557
5.94 -2.213 0.753 65.486
6.631 -2.167 0.472 65.429
7.346 -2.132 0.192 65.44
7.718 -2.135 -0.234 65.499
7.782 -2.166 -0.807 65.426
7.839 -2.234 -1.338 65.41
7.245 -2.999 -1.325 65.412
6.414 -4.004 -1.16 65.393
5.678 -5.009 -0.808 65.425
5.097 -6.104 0.241 65.383
4.555 -7.3 1.351 65.392
3.81 -7.615 2.339 65.385
2.831 -6.89 3.198 65.411
1.869 -6.234 4.062 65.396
1.117 -4.99 4.48 65.359
0.47 -3.493 4.702 65.355
-0.206 -1.999 4.907 65.334
-0.948 -0.366 4.887 65.271
-1.676 1.338 4.837 65.229
-2.591 2.618 4.819 65.176
-3.787 3.249 4.835 65.167
-4.988 3.923 4.864 65.13
-5.799 3.938 4.457 65.081
-6.408 3.548 3.787 65.107
-6.881 3.234 3.126 65.097
-6.272 3.058 2.284 65.05
-5.425 2.896 1.396 65.069
-4.729 2.864 0.594 65.088
-4.237 3.097 -0.047 65.043
-3.752 3.344 -0.705 65.001
-3.247 3.399 -1.048 64.994
-2.739 3.327 -1.128 65.002
-2.196 3.175 -1.288 64.97
-1.252 1.927 -2.003 64.908
-0.195 0.375 -2.89 64.856
0.865 -1.196 -3.724 64.791
1.984 -2.959 -4.496 64.78
3.131 -4.784 -5.291 64.769
3.981 -5.995 -5.786 64.699
4.526 -6.593 -5.976 64.659
5.103 -7.216 -6.193 64.589
5.689 -7.056 -6.288 64.545
6.309 -6.596 -6.372 64.52
6.805 -6.188 -6.298 64.496
6.837 -5.761 -5.628 64.514
6.886 -5.366 -4.914 64.529
6.421 -4.738 -4.09 64.519
5.275 -3.81 -3.104 64.505
4.168 -2.897 -2.124 64.461
3.337 -2.556 -2.068 64.528
2.654 -2.514 -2.49 64.522
1.972 -2.444 -2.873 64.51
1.394 -2.434 -3.404 64.461
0.865 -2.474 -4.003 64.479
0.087 -2.195 -4.219 64.548
-1.092 -1.38 -3.789 64.555
-2.288 -0.583 -3.396 64.635
-2.865 0.337 -2.455 64.645
-3.016 1.334 -1.138 64.643
-3.242 2.331 0.093 64.734
-3.606 3.337 1.001 64.716
-4.007 4.416 1.876 64.697
-4.435 5.064 2.468 64.691
-4.924 4.762 2.393 64.673
-5.454 4.459 2.33 64.607
-5.444 3.961 2.003 64.596
-4.967 3.283 1.446 64.607
-4.532 2.645 0.916 64.566
-3.991 2.269 0.465 64.518
-3.413 1.992 0.004 64.499
-2.901 1.658 -0.242 64.496
-2.575 1.218 0.183 64.495
-2.243 0.75 0.605 64.479
-2.091 0.465 1.48 64.548
-2.146 0.379 2.878 64.572
-2.172 0.284 4.217 64.562
-1.563 0.344 4.536 64.533
-0.682 0.488 4.439 64.534
0.206 0.536 4.224 64.506
1.283 0.255 3.235 64.422
2.436 -0.085 2.149 64.472
3.138 -0.287 1.172 64.492
3.199 -0.309 0.325 64.449
3.293 -0.335 -0.536 64.409
3.301 -0.626 -0.962 64.421
3.28 -1.079 -1.157 64.402
3.207 -1.487 -1.302 64.458
2.791 -1.748 -0.913 64.435
2.321 -2.006 -0.447 64.435
1.803 -2.081 0.111 64.399
1.175 -1.811 0.876 64.457
0.535 -1.525 1.641 64.636
0.182 -1.604 2.35 64.78
0.044 -1.967 3.031 64.809
-0.121 -2.252 3.662 64.819
-0.291 -2.139 3.738 64.855
-0.466 -1.911 3.705 64.837
-0.637 -1.708 3.47 64.799
-0.787 -1.513 2.67 64.773
-0.958 -1.309 1.861 64.735
-0.884 -1.233 0.97 64.778
-0.575 -1.284 -0.003 64.795
-0.298 -1.308 -0.959 64.796
-0.221 -1.025 -1.622 64.838
-0.209 -0.645 -2.245 64.883
-0.254 -0.189 -2.536 64.941
-0.533 0.578 -1.687 64.921
-0.838 1.388 -0.716 64.954
-1.077 2.027 -0.028 64.947
-1.244 2.464 0.345 64.897
-1.414 2.912 0.729 64.881
-1.499 3.089 0.18 64.899
-1.537 3.136 -0.86 64.903
-1.611 3.199 -1.645 64.99
-1.808 3.241 -1.558 65.035
-2.04 3.275 -1.403 64.99
-2.166 3.374 -0.786 65.006
-2.131 3.568 0.609 64.967
-2.111 3.782 1.976 64.951
-1.788 3.298 3.381 64.923
-1.278 2.36 4.83 64.907
-0.777 1.53 6.161 64.906
-0.161 1.025 6.652 64.961
0.484 0.594 7.016 64.955
1.077 0.177 7.07 64.965
1.566 -0.192 6.397 64.949
2.068 -0.527 5.752 65.036
2.355 -1.433 4.71 64.993
2.466 -2.828 3.354 65.006
2.593 -4.094 1.999 65.03
2.662 -4.404 0.316 65.019
2.714 -4.449 -1.538 65.142
2.786 -4.361 -2.952 65.135
2.9 -3.769 -3.21 65.185
3.027 -3.117 -3.449 65.124
3.065 -2.874 -3.238 65.154
3.015 -3.05 -2.528 65.1
2.958 -3.197 -1.889 65.13
2.431 -3.416 -1.977 65.228
1.715 -3.694 -2.381 65.266
1.013 -3.797 -2.691 65.286
0.243 -3.264 -2.863 65.396
-0.54 -2.672 -3.003 65.496
-1.253 -2.007 -3.231 65.498
-1.871 -1.222 -3.568 65.563
-2.497 -0.437 -3.899 65.632
-2.729 -0.271 -4.855 65.728
-2.746 -0.422 -6.2 65.824
-2.803 -0.602 -7.266 65.837
-2.922 -1.163 -7.07 65.93
-3.025 -1.832 -6.738 65.918
-3.337 -2.15 -5.867 65.911
-4.015 -1.881 -3.983 65.943
-4.697 -1.625 -2.098 65.932
-5.149 -1.296 -0.652 65.985
-5.448 -0.916 0.515 65.993
-5.728 -0.553 1.589 66.018
-5.675 -0.256 1.589 66.038
-5.552 0.011 1.322 66.035
-5.38 0.355 1.13 66.052
-5.05 0.868 0.978 66.063
-4.733 1.379 0.847 66.061
-4.259 1.98 0.474 66.053
-3.654 2.675 -0.143 66.05
-3.036 3.32 -0.639 66.063
-2.087 3.307 0.394 66.048
-0.977 3.081 1.94 66.051
-0.144 2.822 3.473 66.059
-0.073 2.345 5.204 66.07
-0.082 1.834 7.072 66.025
0.126 1.526 7.694 65.983
0.559 1.446 6.894 65.984
0.993 1.359 6.177 65.974
2.154 1.874 4.36 65.99
3.694 2.673 1.998 66
4.941 3.368 0.022 65.975
5.181 3.803 -0.611 65.957
5.32 4.239 -1.189 66.01
5.205 4.391 -0.832 65.991
4.662 4.107 0.969 65.932
4.14 3.853 2.726 65.882
3.772 3.071 3.507 65.855
3.521 1.957 3.699 65.815
3.175 0.977 3.935 65.855
2.385 0.567 3.871 65.855
1.442 0.245 3.799 65.905
0.912 0.098 3.482 65.86
1.137 0.315 2.657 65.851
1.348 0.579 1.883 65.855
1.825 -0.002 0.25 65.854
2.531 -1.22 -2.071 65.905
3.116 -2.415 -4.2 65.825
2.725 -4.086 -5.039 65.823
2.067 -5.954 -5.631 65.867
1.398 -7.379 -5.571 65.852
0.564 -7.725 -3.71 65.883
-0.278 -8.086 -1.732 65.902
-1.053 -7.808 -0.316 65.948
-1.769 -6.895 0.577 65.942
-2.466 -6.027 1.479 65.869
-2.646 -4.914 1.582 65.924
-2.628 -3.663 1.375 65.886
-2.647 -2.701 1.271 65.918
-2.669 -2.7 1.315 65.897
-2.706 -2.745 1.415 65.935
-2.651 -3.126 1.195 65.933
-2.483 -3.957 0.582 65.943
-2.319 -4.762 -0.012 65.892
-1.718 -5.109 -0.507 65.853
-0.868 -5.279 -0.995 65.861
-0.188 -5.211 -1.272 65.838
-0.166 -3.831 -0.524 66.054
-0.237 -2.243 0.412 66.092
-0.383 -0.764 1.108 66.083
-0.691 0.6 1.471 66.048
-1.003 2 1.858 66.089
-0.981 2.427 1.79 66.126
-0.732 2.208 1.427 66.098
-0.53 2.098 1.104 66.091
-0.429 2.15 0.844 66.179
-0.367 2.234 0.533 66.172
-0.242 2.413 0.64 66.133
0.006 2.82 1.626 66.075
0.243 3.221 2.658 66.038
0.68 3.685 3.159 66.061
1.294 4.182 3.229 65.997
1.861 4.739 3.289 65.949
2.096 6.023 2.675 65.887
2.199 7.615 1.796 65.852
2.446 8.746 1.269 65.878
3.007 8.698 1.592 65.819
3.641 8.611 2.001 65.758
3.759 8.191 2.097 65.74
3.325 7.387 1.873 65.718
2.939 6.622 1.672 65.641
2.641 5.932 1.265 65.682
2.389 5.313 0.817 65.626
2.129 4.528 0.184 65.574
1.884 3.143 -1.157 65.651
1.611 1.672 -2.664 65.64
1.563 0.343 -3.488 65.626
1.827 -0.813 -3.389 65.703
2.079 -1.977 -3.343 65.681
2.145 -3.103 -2.868 65.733
2.121 -4.215 -2.16 65.738
2.033 -5.306 -1.5 65.791
1.485 -6.216 -0.926 65.789
0.879 -7.147 -0.348 65.843
0.146 -7.742 0.072 65.79
-0.836 -7.722 0.191 65.729
-1.838 -7.712 0.335 65.69
-2.391 -7.73 0.086 65.777
-2.637 -7.781 -0.444 65.767
-2.852 -7.797 -0.941 65.753
-2.464 -7.538 -1.44 65.732
-1.897 -7.2 -1.958 65.701
-1.525 -6.915 -2.342 65.67
-1.533 -6.714 -2.398 65.662
-1.556 -6.525 -2.472 65.579
-1.557 -6.245 -2.223 65.521
-1.542 -5.884 -1.666 65.495
-1.52 -5.526 -1.164 65.52
-1.391 -5.042 -1.101 65.493
-1.198 -4.53 -1.193 65.496
-1.141 -3.947 -1.296 65.582
-1.482 -3.104 -1.529 65.502
-1.86 -2.262 -1.776 65.454
-2.19 -1.241 -1.948 65.382
-2.475 -0.003 -2.033 65.337
-2.754 1.219 -2.126 65.297
-2.346 2.222 -2.319 65.24
-1.599 3.136 -2.577 65.212
-0.979 3.986 -2.744 65.201
-0.668 4.47 -2.543 65.177
-0.414 4.921 -2.298 65.183
-0.097 5.269 -2 65.154
0.294 5.441 -1.602 65.147
0.686 5.63 -1.205 65.078
1.065 5.474 -0.978 65.072
1.445 5.109 -0.854 65.046
1.791 4.767 -0.725 65.014
1.906 4.364 -0.671 64.993
1.982 3.972 -0.62 64.959
2.003 3.456 -0.633 65.069
1.896 2.695 -0.771 65.09
1.787 1.92 -0.93 65.108
1.703 1.37 -0.756 65.134
1.636 0.999 -0.324 65.148
1.573 0.609 0.097 65.147
1.55 0.247 0.715 65.132
1.561 -0.117 1.407 65.078
1.447 -0.439 1.965 65.094
1.028 -0.648 2.191 65.096
0.565 -0.85 2.42 65.04
0.434 -1.079 2.46 65.009
0.643 -1.33 2.31 65.047
0.803 -1.586 2.155 65.103
0.536 -2.027 1.477 65.08
0.079 -2.536 0.576 65.003
-0.284 -3.063 -0.203 64.952
-0.421 -3.692 -0.676 64.921
-0.547 -4.344 -1.119 64.838
-0.554 -4.875 -1.549 64.757
-0.396 -5.249 -1.949 64.704
-0.248 -5.635 -2.356 64.648
-0.24 -5.566 -2.363 64.604
-0.306 -5.266 -2.183 64.584
-0.371 -4.972 -1.945 64.541
-0.488 -4.503 -1.282 64.574
-0.618 -4.029 -0.509 64.649
-0.71 -3.428 -0.061 64.622
-0.737 -2.607 -0.14 64.545
-0.774 -1.794 -0.19 64.491
-0.599 -0.929 -0.685 64.41
-0.265 -0.023 -1.487 64.336
-0.007 0.841 -2.219 64.345
-0.148 1.427 -2.651 64.305
-0.411 1.936 -3.081 64.313
-0.521 2.523 -3.088 64.31
-0.341 3.243 -2.13 64.316
-0.158 3.992 -1.163 64.265
0.076 4.382 -0.123 64.221
0.357 4.46 0.998 64.242
0.629 4.566 2.057 64.242
0.835 4.573 2.347 64.278
1.031 4.573 2.405 64.319
1.16 4.478 2.376 64.266
1.075 4.109 1.959 64.248
0.983 3.693 1.506 64.254
0.83 3.571 1.201 64.228
0.602 3.772 1.051 64.185
0.385 3.95 0.902 64.121
0.317 4.104 1.359 64.128
0.321 4.27 2.08 64.11
0.287 4.308 2.754 64.058
0.159 3.826 3.396 64.053
-0.005 3.281 4.078 63.969
0.014 2.752 4.383 63.926
0.289 2.223 4.138 63.874
0.557 1.702 3.929 63.808
0.592 0.782 3.419 63.901
0.493 -0.372 2.779 63.846
0.398 -1.471 2.004 63.781
0.198 -2.431 0.351 63.74
-0.004 -3.385 -1.534 63.73
-0.296 -4.175 -2.932 63.716
-0.752 -4.643 -3.483 63.781
-1.231 -5.119 -4.077 63.813
-1.272 -5.549 -3.949 63.87
-0.984 -5.957 -3.276 64.053
-0.745 -6.332 -2.708 64.127
-0.558 -6.331 -2.505 64.129
-0.403 -6.258 -2.399 64.222
-0.178 -6.042 -2.344 64.27
0.201 -5.432 -2.475 64.287
0.6 -4.8 -2.598 64.26
0.836 -4.283 -2.853 64.32
0.922 -3.865 -3.236 64.282
1.011 -3.467 -3.595 64.311
0.885 -3.528 -3.728 64.417
0.675 -3.799 -3.781 64.79
0.509 -3.84 -3.812 64.964
0.437 -3.201 -3.701 64.976
0.372 -2.553 -3.61 64.962
0.326 -1.472 -3.263 64.956
0.305 0.155 -2.602 64.928
0.283 1.746 -1.963 64.917
0.198 3.161 -1.42 64.948
0.098 4.502 -0.932 64.928
-0.073 5.768 -0.421 64.964
-0.562 6.57 0.147 64.975
-1.14 7.383 0.739 65.053
-1.41 7.664 1.22 65.089
-1.217 7.089 1.525 65.16
-1.038 6.538 1.848 65.181
-0.906 6.144 1.726 65.172
-0.814 5.844 1.299 65.154
-0.69 5.589 1.007 65.151
-0.394 5.749 1.367 65.163
-0.029 5.978 1.867 65.11
0.13 6.314 2.388 65.121
-0.113 6.895 3.016 65.072
-0.375 7.507 3.643 65.018
-0.395 7.665 4.277 64.972
-0.223 7.463 4.934 65.009
-0.062 7.261 5.52 64.942
0.22 6.495 5.257 64.899
0.548 5.609 4.739 64.945
0.796 4.509 4.258 64.886
0.84 2.752 3.737 64.87
0.885 0.941 3.221 64.845
0.792 -0.644 2.68 64.782
0.545 -2.011 2.113 64.736
0.326 -3.365 1.551 64.704
0.451 -3.849 1.183 64.728
0.738 -3.958 0.859 64.708
0.916 -4.223 0.695 64.661
0.803 -4.828 1.141 64.596
0.627 -5.484 1.705 64.625
0.685 -6.079 1.825 64.548
1.044 -6.608 1.367 64.47
1.39 -7.143 0.946 64.43
1.868 -7.344 -0.492 64.389
2.446 -7.362 -2.499 64.34
2.871 -7.422 -4.309 64.371
2.549 -7.512 -5.482 64.444
2.086 -7.673 -6.583 64.415
1.734 -7.417 -7.394 64.421
1.525 -6.433 -7.635 64.472
1.309 -5.488 -7.939 64.601
1.293 -4.007 -7.301 64.59
1.44 -2.146 -6.032 64.551
1.48 -0.38 -4.771 64.637
0.83 0.973 -2.943 64.59
-0.013 2.257 -0.918 64.756
-0.719 3.321 0.688 64.825
-1.197 3.822 1.372 64.882
-1.669 4.337 2.113 64.9
-2.098 4.563 1.804 64.966
-2.488 4.527 0.526 65.243
-2.868 4.517 -0.584 65.503
-2.996 4.455 -0.545 65.751
-3.05 4.382 -0.158 66.017
-3.061 4.303 0.486 66.037
-2.89 4.205 2.111 66.105
-2.716 4.096 3.863 66.087
-2.475 4.075 4.992 66.09
-2.155 4.156 5.424 66.239
-1.838 4.227 5.903 66.298
-1.489 4.025 6.093 66.345
-1.108 3.712 6.171 66.4
-0.816 3.351 6.223 66.545
-0.858 2.711 6.048 66.635
-0.981 2.012 5.897 66.636
-0.827 1.513 5.373 66.745
-0.279 1.291 4.287 66.804
0.248 1.067 3.226 67.012
1.06 0.44 2.113 67.002
2.055 -0.434 0.966 67.053
2.952 -1.258 -0.144 67.052
3.383 -1.992 -1.001 67.068
3.735 -2.705 -1.871 67.023
3.99 -3.407 -2.346 67.028
4.011 -4.073 -2.043 67.053
4.05 -4.754 -1.743 67.024
3.835 -5.22 -1.466 67.065
3.426 -5.529 -1.197 67.13
3.038 -5.828 -0.972 67.228
2.632 -5.807 -1.22 67.199
2.22 -5.705 -1.584 67.192
1.832 -5.591 -2.021 67.134
1.508 -5.405 -2.705 67.13
1.181 -5.214 -3.4 67.172
0.92 -5.074 -4.074 67.232
0.726 -4.992 -4.744 67.281
0.526 -4.882 -5.363 67.295
0.295 -4.291 -4.819 67.227
0.079 -3.511 -3.842 67.186
-0.275 -2.783 -2.878 67.185
-1.079 -2.113 -1.715 67.186
-1.976 -1.46 -0.487 67.255
-2.418 -0.741 0.259 67.222
-2.302 0.059 0.398 67.188
-2.22 0.856 0.573 67.202
-2.249 1.811 0.395 67.248
-2.34 2.871 0.038 67.233
-2.429 3.802 -0.25 67.239
-2.556 4.169 -0.32 67.274
-2.693 4.458 -0.374 67.476
-2.781 4.691 -0.29 67.475
-2.786 4.797 0.034 67.452
-2.803 4.917 0.345 67.441
-2.581 4.78 0.882 67.47
-2.213 4.463 1.586 67.408
-1.824 4.226 2.188 67.453
-1.16 4.386 2.221 67.529
-0.406 4.66 2.101 67.546
0.165 4.801 2.123 67.608
0.377 4.686 2.373 67.721
0.588 4.614 2.653 67.82
0.733 3.864 2.585 67.798
0.815 2.532 2.231 67.879
0.928 1.294 1.887 67.862
1.317 0.474 1.353 67.861
1.825 -0.226 0.695 67.833
2.16 -0.832 0.414 67.828
2.062 -1.097 1.166 67.821
1.94 -1.35 1.949 67.818
1.786 -1.544 3.065 67.79
1.593 -1.667 4.575 67.781
1.396 -1.798 6 67.772
0.989 -1.991 5.531 67.702
0.467 -2.209 4.249 67.798
0.081 -2.443 3.1 67.819
0.144 -2.742 1.929 67.792
0.275 -3.068 0.75 67.814
0.28 -3.243 -0.253 67.777
0.128 -3.214 -1.003 67.726
-0.016 -3.196 -1.776 67.673
-0.261 -3.122 -2.084 67.621
-0.559 -3.028 -2.173 67.563
-0.856 -2.899 -2.137 67.522
-1.189 -2.525 -1.213 67.493
-1.53 -2.134 -0.099 67.442
-1.851 -1.58 0.742 67.361
-2.13 -0.725 1.145 67.29
-2.426 0.145 1.587 67.236
-2.411 0.616 1.359 67.178
-2.175 0.801 0.658 67.16
-1.959 1.017 -0.017 67.119
-1.668 1.209 -0.99 67.167
-1.366 1.375 -2.048 67.113
-1.041 1.686 -2.992 67.068
-0.662 2.327 -3.687 66.974
-0.271 3 -4.407 66.934
0.007 3.39 -4.759 66.91
0.185 3.526 -4.783 66.965
0.364 3.671 -4.787 66.992
0.398 3.609 -3.836 66.966
0.386 3.447 -2.56 66.973
0.366 3.451 -1.297 66.971
0.296 3.924 0.084 66.97
0.211 4.463 1.539 66.99
0.247 4.748 2.353 67.005
0.426 4.746 2.412 66.936
0.595 4.757 2.517 66.894
0.646 4.145 2.1 66.905
0.647 3.244 1.423 66.889
0.616 2.387 0.906 66.884
0.41 1.508 0.934 66.913
0.175 0.638 1.012 66.887
-0.023 -0.27 1.302 66.85
-0.169 -1.225 1.939 66.815
-0.329 -2.199 2.581 66.798
-0.022 -2.454 2.493 66.771
0.581 -2.269 1.946 66.73
1.11 -2.127 1.488 66.769
1.41 -1.871 1.187 66.736
1.686 -1.576 0.931 66.696
1.786 -1.434 0.647 66.744
1.518 -1.595 0.328 66.725
1.237 -1.743 -0.001 66.676
1.19 -2.106 -0.165 66.614
1.335 -2.638 -0.192 66.656
1.432 -3.154 -0.257 66.654
1.257 -3.664 -0.56 66.668
0.984 -4.204 -0.945 66.63
0.807 -4.553 -1.26 66.562
0.831 -4.381 -1.413 66.485
0.877 -4.23 -1.59 66.429
0.816 -3.616 -1.421 66.382
0.649 -2.525 -0.893 66.357
0.489 -1.477 -0.409 66.322
0.236 -0.397 -0.181 66.289
-0.046 0.701 -0.063 66.307
-0.346 1.732 0.086 66.258
-0.722 2.514 0.26 66.197
-1.116 3.305 0.473 66.207
-1.418 3.828 0.411 66.256
-1.6 3.993 -0.006 66.315
-1.79 4.183 -0.401 66.27
-1.614 4.184 -1.247 66.283
-1.244 4.098 -2.329 66.247
-0.916 4.001 -3.358 66.191
-0.656 3.762 -4.234 66.155
-0.402 3.518 -5.176 66.14
-0.214 3.171 -5.468 66.122
-0.147 2.644 -4.655 66.057
-0.069 2.116 -3.874 66.027
-0.163 1.684 -2.915 65.982
-0.371 1.311 -1.818 65.929
-0.571 0.953 -0.834 65.874
-0.803 0.778 -0.591 65.886
-1.077 0.639 -0.527 66.038
-1.132 0.526 -0.437 66.02
-0.708 0.48 -0.38 65.978
-0.28 0.461 -0.317 65.954
0.203 0.084 -0.274 65.957
0.741 -0.606 -0.242 65.907
1.25 -1.26 -0.221 65.866
1.392 -1.856 -0.26 65.874
1.428 -2.444 -0.387 65.833
1.406 -2.943 -0.16 65.735
1.159 -3.158 1.081 65.711
0.881 -3.37 2.384 65.68
0.78 -3.439 3.733 65.626
0.87 -3.341 5.158 65.6
0.947 -3.261 6.556 65.547
1.021 -3.268 6.79 65.546
1.101 -3.331 6.552 65.565
1.14 -3.316 6.203 65.707
1.028 -3.014 5.06 65.712
0.886 -2.675 3.836 65.636
0.827 -2.344 2.577 65.596
0.879 -2.009 1.243 65.579
0.93 -1.676 -0.103 65.527
0.898 -1.451 -0.538 65.555
0.838 -1.317 -0.463 65.528
0.7 -1.059 -0.384 65.595
0.098 -0.171 0.15 65.602
-0.635 0.886 0.799 65.674
-1.059 1.596 1.165 65.655
-0.95 1.715 1.013 65.626
-0.845 1.843 0.926 65.641
-0.707 1.828 -0.332 65.58
-0.536 1.7 -2.483 65.584
-0.407 1.611 -4.435 65.521
-0.635 1.751 -5.379 65.47
-0.953 1.963 -6.184 65.481
-1.306 2.124 -6.188 65.442
-1.792 2.194 -4.12 65.381
-2.293 2.262 -1.957 65.333
-2.636 2.301 -0.141 65.252
-2.83 2.309 1.376 65.18
-3.029 2.322 2.867 65.142
-3.017 2.417 3.24 65.128
-2.939 2.518 3.259 65.072
-2.831 2.74 3.076 65.051
-2.565 3.353 1.958 65.011
-2.321 4.043 0.815 65.044
-1.778 4.333 -0.708 65.021
-0.866 4.144 -2.715 64.973
0.022 3.987 -4.692 64.932
0.346 3.653 -5.524 64.888
0.416 3.245 -5.872 64.848
0.407 2.818 -5.936 64.823
-0.147 2.224 -4.313 64.844
-0.808 1.636 -2.411 64.856
-1.224 0.849 -0.869 64.84
-1.274 -0.251 0.176 64.863
-1.356 -1.357 1.277 64.868
-0.799 -1.97 1.008 64.845
0.167 -2.278 -0.139 64.858
1.058 -2.586 -1.137 64.832
1.802 -2.604 -1.949 64.847
2.533 -2.563 -2.712 64.856
3.108 -2.54 -3.421 64.844
3.342 -2.534 -3.975 64.791
3.582 -2.508 -4.566 64.845
3.733 -2.803 -4.616 64.807
3.821 -3.358 -4.233 64.932
3.879 -3.886 -3.869 64.96
3.46 -4.41 -3.13 64.926
2.901 -4.948 -2.281 64.874
2.346 -5.377 -1.482 64.844
1.744 -5.478 -0.772 64.904
1.099 -5.619 -0.049 64.927
0.893 -5.192 0.473 64.869
1.148 -4.167 0.791 64.861
1.358 -3.184 1.102 64.871
1.409 -1.943 0.707 64.899
1.402 -0.577 0.008 64.851
1.33 0.634 -0.563 64.853
0.971 1.325 -0.801 64.797
0.581 1.985 -1.083 64.767
0.214 2.452 -0.691 64.793
-0.135 2.642 0.617 64.736
-0.483 2.848 1.877 64.773
-1 3.146 2.948 64.769
-1.609 3.496 3.931 64.701
-2.204 3.843 4.822 64.705
-2.772 4.204 5.093 64.713
-3.362 4.578 5.322 64.742
-3.764 4.871 5.157 64.691
-3.829 5.023 4.266 64.641
-3.924 5.178 3.403 64.643
-3.51 5.324 2.223 64.647
-2.731 5.467 0.789 64.611
-2.042 5.596 -0.473 64.611
-1.706 5.587 -0.545 64.738
-1.453 5.563 -0.347 64.787
-1.256 5.437 -0.024 64.815
-1.231 5.06 0.704 64.747
-1.209 4.69 1.491 64.801
-1.165 4.172 1.565 64.8
-1.098 3.513 1.007 64.8
-1.044 2.896 0.487 64.758
-1.119 2.651 -0.407 64.724
-1.262 2.572 -1.44 64.666
-1.273 2.28 -2.339 64.775
-0.905 1.384 -2.882 64.807
-0.521 0.513 -3.431 64.828
-0.038 -0.999 -3.669 64.855
0.566 -3.26 -3.544 64.794
1.162 -5.468 -3.442 64.815
1.782 -7.852 -2.913 64.738
2.424 -10.328 -2.199 64.704
2.995 -12.678 -1.497 64.652
3.267 -14.492 -0.717 64.675
3.506 -16.334 0.082 64.698
3.711 -17.462 0.784 64.698
3.85 -17.503 1.345 64.89
3.996 -17.612 1.916 65.071
3.983 -16.919 2.422 65.26
3.878 -15.746 2.913 65.275
3.776 -14.685 3.317 65.366
3.62 -13.765 3.149 65.431
3.441 -13.023 2.872 65.365
3.36 -11.383 2.597 65.403
3.459 -8.051 2.279 65.419
3.568 -4.711 1.961 65.411
3.484 -1.502 1.69 65.383
3.251 1.66 1.462 65.384
3.034 4.624 1.204 65.37
2.806 5.427 0.695 65.335
2.571 5.669 0.103 65.26
2.368 5.754 -0.409 65.192
2.225 5.13 -0.751 65.178
2.12 4.493 -1.101 65.198
1.623 3.829 -1.28 65.156
0.74 3.131 -1.29 65.095
-0.1 2.446 -1.316 65.049
-0.817 2.055 -1.299 65.02
-1.482 1.732 -1.287 64.984
-2.15 1.619 -1.181 64.924
-2.81 2.319 -0.748 64.882
-3.447 3.04 -0.279 64.867
-4.282 4.171 0.125 64.884
-5.366 5.841 0.458 64.826
-6.435 7.478 0.795 64.84
-7.038 9.201 1.192 64.798
-7.419 10.988 1.621 64.717
-7.762 12.646 2.034 64.701
-7.728 13.647 2.369 64.682
-7.658 14.645 2.725 64.632
-7.471 14.971 2.853 64.605
-7.07 14.15 2.597 64.548
-6.682 13.406 2.375 64.565
-6.174 11.615 1.555 64.573
-5.593 9.154 0.351 64.575
-5.013 6.762 -0.822 64.535
-4.344 4.244 -2.052 64.52
-3.677 1.656 -3.406 64.532
-2.898 -0.597 -4.044 64.482
-1.882 -2.121 -3.172 64.449
-0.847 -3.692 -2.276 64.491
-0.054 -4.514 -1.506 64.443
0.534 -4.716 -0.818 64.388
1.149 -4.938 -0.203 64.347
1.836 -4.499 -0.673 64.261
2.545 -3.872 -1.464 64.196
3.273 -3.232 -2.301 64.161
4.06 -2.471 -3.44 64.189
4.871 -1.669 -4.614 64.146
5.469 -1.239 -5.547 64.143
5.84 -1.21 -6.229 64.152
6.222 -1.145 -6.903 64.124
6.257 -1.141 -6.489 64.053
6.17 -1.106 -5.63 64.028
6.007 -1.305 -4.77 64.002
5.478 -2.408 -3.613 63.958
4.883 -3.619 -2.406 63.965
4.511 -4.779 -1.397 63.96
4.431 -5.9 -0.659 64.007
4.34 -7.035 0.101 64.01
4.063 -7.12 0.13 64.083
3.686 -6.621 -0.266 64.06
3.296 -6.191 -0.523 64.054
2.754 -5.64 -0.355 64.04
2.183 -5.089 -0.087 64.097
1.638 -4.484 0.057 64.05
1.125 -3.779 0.028 64.088
0.616 -3.086 -0.034 64.107
0.041 -2.169 0.53 64.118
-0.574 -1.083 1.533 64.175
-1.211 -0.051 2.533 64.245
-2.047 0.727 3.931 64.255
-2.967 1.404 5.492 64.319
-3.695 2.272 6.645 64.295
-3.994 3.531 6.877 64.287
-4.288 4.849 7.11 64.288
-4.488 5.611 7.011 64.263
-4.593 5.871 6.602 64.26
-4.73 6.146 6.209 64.223
-5.187 5.851 5.503 64.159
-5.788 5.347 4.707 64.156
-6.223 4.948 3.844 64.183
-6.193 4.752 2.733 64.191
-6.142 4.596 1.557 64.203
-5.938 4.266 0.807 64.188
-5.538 3.737 0.553 64.174
-5.155 3.219 0.27 64.15
-4.729 2.654 0.367 64.128
-4.305 2.045 0.66 64.178
-3.801 1.548 0.808 64.184
-2.937 1.53 0.425 64.121
-2.028 1.573 0.006 64.111
-1.091 1.647 -0.706 64.174
-0.089 1.79 -1.893 64.173
0.901 1.936 -3.063 64.155
2.181 1.932 -4.15 64.123
3.632 1.86 -5.184 64.127
5.084 1.698 -6.204 64.084
6.607 0.879 -7.008 64.061
8.258 -0.084 -7.858 64.042
9.187 -0.971 -8.154 64.128
8.689 -1.771 -7.334 64.259
8.203 -2.56 -6.525 64.27
7.494 -3.492 -5.521 64.487
6.6 -4.551 -4.348 64.671
5.759 -5.533 -3.258 64.724
5.244 -5.718 -2.845 64.686
4.83 -5.728 -2.647 64.809
4.389 -5.453 -2.336 65.03
3.919 -4.32 -1.811 64.98
3.471 -3.147 -1.326 65.031
2.744 -2.014 -0.256 65.027
1.731 -0.905 1.417 65.209
0.748 0.189 3.017 65.196
-0.09 0.794 3.992 65.17
-0.875 1.244 4.775 65.216
-1.628 1.531 5.28 65.351
-2.234 1.117 4.647 65.386
-2.816 0.631 3.896 65.365
-3.491 0.213 3.253 65.37
-4.281 -0.139 2.715 65.457
-5.069 -0.496 2.175 65.37
-5.095 -0.524 1.66 65.444
-4.73 -0.403 1.161 65.415
-4.383 -0.209 0.65 65.421
-3.795 0.473 0.112 65.641
-3.19 1.256 -0.459 65.615
-2.486 1.85 -0.832 65.691
-1.611 2.152 -0.868 65.698
-0.714 2.471 -0.931 65.739
-0.41 2.522 -0.603 65.825
-0.503 2.392 -0.021 65.942
-0.564 2.291 0.563 65.979
-0.783 2.218 1.383 66.053
-1.053 2.161 2.319 66.025
-1.189 2.076 2.868 65.981
-1.05 1.937 2.589 65.997
-0.891 1.797 2.306 65.986
-0.976 1.679 1.912 65.903
-1.286 1.588 1.427 65.805
-1.528 1.47 0.922 65.856
-1.082 0.967 -0.061 65.937
-0.433 0.356 -1.179 65.931
0.321 -0.337 -2.376 66.006
1.478 -1.329 -3.842 66.034
2.726 -2.367 -5.41 66.03
3.29 -3.125 -6.145 66.036
3.102 -3.582 -5.964 66.011
2.958 -4.041 -5.831 66.021
2.285 -3.535 -4.728 66.019
1.36 -2.598 -3.185 66.017
0.606 -1.775 -1.831 65.962
0.387 -1.128 -0.996 65.883
0.22 -0.495 -0.148 65.847
0.184 0.027 0.07 65.835
0.362 0.373 -0.637 65.789
0.53 0.742 -1.301 65.768
0.471 0.441 -2.008 65.71
0.265 -0.234 -2.765 65.693
0.133 -0.897 -3.372 65.676
0.314 -1.789 -3.11 65.646
0.561 -2.765 -2.694 65.613
0.763 -3.418 -2.24 65.667
0.896 -3.478 -1.64 65.621
1.064 -3.577 -1.063 65.597
0.584 -3.04 -0.142 65.607
-0.377 -2.027 1.044 65.561
-1.283 -1.085 2.157 65.471
-2.196 -0.276 2.836 65.511
-3.142 0.514 3.43 65.445
-3.858 1.166 3.841 65.414
-3.996 1.46 3.742 65.391
-4.143 1.749 3.638 65.428
-3.974 1.979 3.422 65.446
-3.506 2.156 3.088 65.427
-3.034 2.325 2.787 65.404
-1.969 2.272 2.913 65.402
-0.655 2.122 3.189 65.329
0.452 2.069 3.497 65.33
0.99 2.289 4.003 65.304
1.504 2.523 4.534 65.282
1.798 2.851 4.954 65.314
1.805 3.303 5.243 65.444
1.834 3.745 5.543 65.495
1.831 3.571 5.524 65.606
1.838 3.111 5.396 65.518
1.753 2.627 5.094 65.47
1.265 1.821 3.918 65.494
0.692 0.96 2.572 65.481
0.314 0.215 1.567 65.442
0.222 -0.356 1.058 65.394
0.122 -0.944 0.511 65.393
-0.027 -1.136 0.688 65.453
-0.219 -1.066 1.319 65.455
-0.371 -1.076 1.891 65.514
-0.297 -1.397 2.435 65.472
-0.154 -1.791 3.02 65.453
-0.13 -2.175 3.266 65.423
-0.333 -2.575 2.789 65.466
-0.522 -2.967 2.355 65.466
-0.97 -3.467 1.248 65.488
-1.646 -4.066 -0.409 65.483
-2.243 -4.617 -2.006 65.427
-2.209 -4.688 -3.543 65.363
-1.966 -4.626 -5.132 65.307
-1.838 -4.513 -6.291 65.271
-1.916 -4.167 -6.229 65.343
-2.012 -3.842 -6.201 65.32
-2.079 -3.216 -5.183 65.262
-2.124 -2.275 -3.106 65.266
-2.163 -1.361 -1.139 65.237
-1.959 -0.511 0.122 65.277
-1.668 0.339 1.148 65.422
-1.327 1.047 1.867 65.408
-0.752 1.211 1.234 65.349
-0.128 1.323 0.499 65.48
0.271 1.409 -0.502 65.456
0.373 1.44 -1.903 65.688
0.492 1.478 -3.291 65.655
0.398 1.103 -3.574 65.848
0.192 0.49 -3.283 65.815
0.003 -0.028 -2.949 65.908
-0.182 -0.207 -1.892 66.004
-0.374 -0.351 -0.723 66.222
-0.496 -0.327 0.422 66.233
-0.489 0.017 1.551 66.256
-0.498 0.343 2.721 66.283
-0.23 0.906 2.999 66.215
0.219 1.636 2.653 66.254
0.689 2.336 2.391 66.174
1.457 2.917 2.124 66.233
2.38 3.517 1.887 66.243
2.799 3.821 1.531 66.267
2.119 3.427 0.926 66.173
1.393 3.038 0.276 66.099
0.941 2.412 0.141 66.043
0.726 1.561 0.465 65.952
0.493 0.763 0.747 65.914
0.31 0.436 1.174 65.84
0.157 0.256 1.607 65.792
-0.086 0.144 2.215 65.784
-0.569 0.327 3.361 65.716
-1.116 0.537 4.574 65.69
-1.23 0.65 5.52 65.648
-0.855 0.658 6.177 65.652
-0.511 0.667 6.832 65.559
0.014 0.244 6.002 65.535
0.641 -0.38 4.503 65.561
1.134 -0.945 3.095 65.538
1.124 -1.38 1.62 65.533
1.04 -1.832 0.099 65.487
1.019 -2.001 -1.037 65.449
1.064 -1.745 -1.596 65.41
1.112 -1.499 -2.191 65.376
1.089 -1.673 -2.361 65.35
1.04 -2.11 -2.301 65.331
0.928 -2.471 -2.209 65.359
0.424 -2.578 -1.763 65.341
-0.193 -2.641 -1.182 65.5
-0.569 -2.642 -1.057 65.445
-0.52 -2.497 -1.778 65.418
-0.471 -2.371 -2.487 65.402
-0.409 -1.945 -3.407 65.341
-0.336 -1.286 -4.509 65.323
-0.268 -0.663 -5.516 65.254
-0.257 -0.145 -5.76 65.242
-0.251 0.357 -5.798 65.242
-0.301 0.77 -5.802 65.258
-0.504 0.951 -5.606 65.299
-0.703 1.109 -5.409 65.282
-1.009 1.422 -5.183 65.308
-1.428 1.887 -4.928 65.336
-1.815 2.334 -4.673 65.416
-1.734 2.622 -4.324 65.402
-1.48 2.876 -3.952 65.58
-1.216 2.998 -3.519 65.665
-0.836 2.636 -2.84 65.711
-0.403 2.221 -2.172 65.719
-0.364 1.901 -1.224 65.743
-0.817 1.686 0.086 65.818
-1.241 1.465 1.373 65.832
-1.345 1.249 2.154 65.887
-1.307 1.017 2.677 65.842
-1.173 0.859 3.224 65.803
-0.478 1.055 3.675 65.732
0.338 1.31 4.137 65.707
0.863 1.525 4.449 65.635
0.95 1.689 4.516 65.659
1.037 1.877 4.585 65.636
1.388 1.408 4.855 65.58
1.921 0.503 5.282 65.528
2.401 -0.321 5.588 65.573
2.62 -0.987 5.116 65.731
2.825 -1.619 4.499 65.795
2.747 -2.191 3.703 65.927
2.045 -2.604 2.456 66.012
1.325 -3.04 1.178 66.001
0.794 -3.145 0.315 66.004
0.415 -2.977 -0.211 66.043
0.049 -2.813 -0.724 65.994
0.027 -2.324 -0.545 65.993
0.139 -1.726 -0.164 66.011
0.079 -1.206 0.225 65.987
-0.39 -0.858 0.733 65.952
-0.916 -0.509 1.281 65.881
-1.125 -0.277 1.463 65.846
-1 -0.175 1.26 65.831
-0.9 -0.064 1.056 65.786
-0.736 -0.048 -0.251 65.728
-0.553 -0.066 -2.041 65.694
-0.357 -0.098 -3.666 65.748
-0.1 -0.208 -4.914 65.809
0.165 -0.329 -6.207 65.849
0.425 -0.433 -6.752 65.84
0.678 -0.515 -6.238 65.874
0.938 -0.603 -5.784 65.887
0.567 -0.391 -4.952 65.866
-0.171 -0.012 -3.908 65.969
-0.797 0.341 -2.945 65.974
-1.065 0.712 -2.307 65.995
-1.291 1.054 -1.677 65.959
-1.342 1.579 -1.395 65.928
-1.046 2.428 -1.762 65.882
-0.765 3.27 -2.12 66.029
-0.303 4.188 -2.473 66.04
0.299 5.177 -2.838 66.023
0.841 6.09 -3.132 66.017
0.988 6.406 -2.795 66.087
1.047 6.561 -2.304 66.048
1.02 6.773 -1.789 66.003
0.749 7.037 -1.122 66.035
0.45 7.317 -0.485 66.104
0.438 7.461 0.536 66.113
0.691 7.489 1.923 66.132
0.917 7.494 3.235 66.087
1.127 6.905 3.778 66.058
1.329 6.096 4.101 66.065
1.519 5.377 4.17 66.091
1.657 4.819 3.281 66.048
1.8 4.277 2.309 66.041
1.875 3.752 1.481 66.043
1.867 3.253 0.804 66.09
1.866 2.752 0.116 66.09
1.698 1.707 -0.249 66.083
1.482 0.441 -0.51 66.125
1.149 -0.937 -0.577 66.113
0.275 -2.958 0.302 66.064
-0.695 -5.108 1.312 66.074
-1.487 -6.913 2.278 66.093
-2.032 -8.212 3.211 66.032
-2.599 -9.552 4.172 66.006
-2.599 -10.194 4.164 65.958
-2.237 -10.439 3.575 66.005
-1.99 -10.623 3 66.021
-2.156 -9.99 1.954 66.004
-2.431 -9.23 0.838 65.957
-2.588 -8.282 -0.362 65.942
-2.55 -6.918 -1.755 65.95
-2.512 -5.495 -3.169 65.932
-2.429 -5.05 -4.254 65.971
-2.301 -5.373 -5.092 66.001
-2.215 -5.639 -5.905 66.018
-2.5 -6.193 -6.058 65.992
-2.928 -6.885 -6.059 65.964
-3.158 -7.185 -5.896 65.962
-2.915 -6.489 -5.237 65.942
-2.685 -5.776 -4.502 65.952
-2.059 -4.746 -4.373 66.008
-1.019 -3.384 -4.85 66.025
-0.029 -2.042 -5.284 66.031
0.667 -0.399 -5.956 66.054
1.247 1.36 -6.726 66.012
1.807 3.088 -7.419 65.986
2.221 4.74 -7.859 65.97
2.607 6.446 -8.328 65.959
3.135 7.637 -8.344 65.964
3.841 8.154 -7.76 65.959
4.539 8.713 -7.213 65.956
4.739 9.187 -5.829 65.955
4.685 9.637 -3.977 65.952
4.631 10.035 -2.36 65.946
4.377 10.109 -1.612 65.978
4.086 10.178 -0.966 66.064
3.869 9.936 -0.624 66.037
3.764 9.159 -0.856 66.026
3.658 8.379 -1.059 66.039
3.526 8.007 -1.637 66.065
3.375 7.933 -2.506 66.066
3.229 7.742 -3.164 66.063
3.076 6.881 -2.498 66.102
2.955 5.908 -1.477 66.243
2.643 4.654 -0.7 66.351
1.916 2.704 -0.308 66.44
1.166 0.749 0.078 66.466
0.647 -1.263 0.413 66.559
0.324 -3.339 0.724 66.623
-0.007 -5.363 0.944 66.604
-0.155 -6.726 -0.255 66.538
-0.243 -7.875 -1.892 66.603
-0.36 -9.037 -3.594 66.674
-0.529 -10.099 -5.691 66.646
-0.702 -11.179 -7.914 66.65
-0.879 -12.091 -9.074 66.656
-1.06 -12.819 -9.056 66.75
-1.239 -13.554 -9.126 66.757
-1.434 -13.837 -8.842 66.718
-1.626 -13.941 -8.447 66.68
-1.864 -13.989 -7.958 66.717
-2.285 -13.619 -7.06 66.635
-2.73 -13.295 -6.028 66.603
-3.169 -12.293 -5.657 66.65
-3.605 -10.303 -6.218 66.629
-4.053 -8.369 -6.734 66.602
-3.771 -6.032 -7.307 66.557
-3.05 -3.466 -7.905 66.528
-2.458 -0.961 -8.491 66.503
-2.223 1.337 -9.035 66.498
-2.096 3.645 -9.561 66.424
-1.746 5.612 -10.152 66.328
-1.021 6.909 -10.843 66.391
-0.294 8.26 -11.57 66.381
0.381 8.784 -11.648 66.368
1.025 8.701 -11.249 66.268
1.643 8.663 -10.884 66.25
1.965 8.334 -10.272 66.246
2.214 7.925 -9.591 66.181
2.433 7.602 -8.99 66.102
2.528 7.454 -8.562 66.088
2.64 7.311 -8.125 66.016
2.514 7.189 -7.866 65.957
2.153 7.087 -7.77 65.944
1.838 6.991 -7.686 65.963
1.932 7.013 -8.148 65.9
2.183 7.106 -8.813 65.889
2.397 7.053 -9.422 65.892
2.58 6.52 -9.932 65.944
2.759 5.994 -10.491 65.949
2.926 5.051 -10.519 65.899
3.076 3.584 -9.894 65.829
3.226 2.156 -9.311 65.756
3.03 1.048 -8.997 65.646
2.672 0.115 -8.791 65.584
2.314 -0.887 -8.711 65.585
1.842 -2.038 -9.296 65.601
1.35 -3.271 -10.001 65.551
0.901 -4.088 -10.503 65.546
0.513 -4.261 -10.717 65.568
0.126 -4.458 -10.949 65.659
-0.379 -4.51 -10.858 65.67
-0.969 -4.46 -10.562 65.655
-1.512 -4.476 -10.297 65.697
-1.824 -4.852 -10.08 65.818
-2.069 -5.308 -9.845 65.882
-2.418 -5.759 -9.806 65.942
-2.964 -6.226 -10.164 66.025
-3.49 -6.725 -10.554 66.077
-4.397 -6.738 -10.473 66.205
-5.636 -6.366 -10.002 66.299
-6.762 -5.994 -9.597 66.531
-6.92 -5.106 -9.537 66.796
-6.792 -4.05 -9.535 66.929
-6.641 -3.12 -9.81 67.024
-6.262 -2.447 -10.891 67.126
-5.886 -1.789 -12.012 67.175
-5.446 -1.143 -13.133 67.358
-4.947 -0.511 -14.271 67.395
-4.429 0.107 -15.385 67.477
-3.232 0.237 -15.831 67.582
-1.733 0.171 -16.016 67.648
-0.394 0.118 -16.171 67.747
0.529 -0.011 -16.043 67.835
1.426 -0.151 -15.874 67.863
2.135 -0.237 -15.846 68.013
2.573 -0.25 -15.999 68.082
3.028 -0.268 -16.144 68.157
3.594 -0.16 -16.302 68.358
4.233 0.01 -16.475 68.39
4.828 0.196 -16.611 68.506
5.245 0.536 -16.539 68.607
5.632 0.885 -16.461 68.781
6.02 1.329 -16.19 68.967
6.391 1.945 -15.57 69.083
6.783 2.559 -14.956 69.223
6.771 3.159 -14.368 69.311
6.485 3.773 -13.797 69.4
6.205 4.29 -13.236 69.495
5.653 4.03 -12.787 69.509
5.051 3.565 -12.363 69.587
4.388 3.201 -11.943 69.581
3.569 2.983 -11.57 69.625
2.727 2.754 -11.138 69.713
2.155 2.765 -11.483 69.856
1.821 2.995 -12.536 69.979
1.474 3.2 -13.482 70.123
1.26 3.339 -13.897 70.132
1.112 3.469 -14.123 70.189
0.822 3.513 -14.361 70.269
0.139 3.294 -14.532 70.336
-0.596 3.03 -14.693 70.511
-1.107 3.012 -14.945 70.604
-1.371 3.269 -15.305 70.666
-1.646 3.504 -15.649 70.773
-1.593 3.373 -15.572 70.82
-1.371 3.101 -15.279 70.954
-1.281 2.717 -15.123 71.033
-1.635 1.767 -15.412 71.097
-2.049 0.722 -15.74 71.171
-2.46 -0.132 -16.224 71.253
-2.884 -0.727 -16.963 71.415
-3.316 -1.333 -17.688 71.527
-3.396 -1.933 -18.558 71.606
-3.271 -2.547 -19.525 71.619
-3.155 -3.099 -20.429 71.673
-2.925 -3.283 -20.967 71.679
-2.645 -3.385 -21.493 71.656
-2.576 -3.553 -21.639 71.619
-2.905 -3.809 -21.015 71.538
-3.226 -4.082 -20.425 71.459
-3.665 -4.091 -19.299 71.396
-4.203 -3.901 -17.74 71.36
-4.698 -3.721 -16.315 71.292
-4.858 -3.424 -15.807 71.19
-4.941 -3.083 -15.506 71.111
-4.929 -2.828 -15.487 71.069
-4.617 -2.77 -16.296 71.009
-4.314 -2.721 -17.171 70.977
-3.811 -2.683 -17.627 70.904
-3.111 -2.663 -17.675 70.836
-2.424 -2.625 -17.762 70.769
-1.598 -2.233 -17.803 70.701
-0.716 -1.713 -17.854 70.596
0.128 -1.173 -17.801 70.502
0.866 -0.493 -17.389 70.4
1.617 0.221 -16.934 70.334
2.16 0.719 -16.567 70.251
2.438 0.948 -16.3 70.17
2.73 1.193 -16.025 70.084
2.925 1.426 -16.253 69.981
3.055 1.66 -16.712 69.877
3.283 1.881 -17.226 69.773
3.926 2.022 -18.177 69.678
4.655 2.175 -19.216 69.599
5.233 2.162 -20.062 69.51
5.581 1.877 -20.617 69.421
5.962 1.595 -21.185 69.37
5.593 1.421 -21.581 69.323
4.721 1.31 -21.873 69.301
3.967 1.231 -22.143 69.329
3.531 1.438 -22.162 69.283
3.225 1.721 -22.1 69.234
2.626 1.924 -22.203 69.196
1.446 1.98 -22.636 69.144
0.258 2.047 -23.059 69.089
-0.916 1.913 -23.68 69.011
-2.09 1.605 -24.475 68.963
-3.222 1.328 -25.226 68.92
-3.764 1.236 -25.546 68.834
-4.139 1.192 -25.798 68.761
-4.441 1.206 -25.698 68.659
-4.424 1.417 -24.564 68.573
-4.416 1.642 -23.318 68.522
-4.184 1.816 -22.614 68.506
-3.705 1.938 -22.473 68.463
-3.247 2.06 -22.303 68.415
-2.793 2.072 -22.63 68.326
-2.333 2.022 -23.193 68.256
-1.93 2.057 -23.569 68.179
-1.733 2.356 -23.409 68.092
-1.584 2.738 -23.111 67.99
-1.236 2.716 -23.39 67.907
-0.622 2.148 -24.447 67.854
-0.018 1.608 -25.462 67.769
0.556 0.994 -26.806 67.701
1.134 0.344 -28.337 67.648
1.614 -0.293 -29.783 67.596
1.55 -0.861 -30.834 67.528
1.373 -1.45 -31.9 67.471
1.32 -1.814 -32.393 67.406
1.45 -1.766 -31.833 67.303
1.573 -1.737 -31.284 67.236
1.877 -1.414 -30.83 67.159
2.336 -0.867 -30.438 67.104
2.683 -0.403 -30.076 67.054
2.209 -0.424 -30.063 66.973
1.509 -0.584 -30.115 66.905
0.906 -0.667 -30.297 66.877
0.431 -0.63 -30.805 66.829
-0.057 -0.594 -31.374 66.831
-0.286 -0.479 -31.319 66.788
-0.269 -0.292 -30.698 66.745
-0.295 -0.102 -30.106 66.771
-0.602 0.275 -29.075 66.748
-1.033 0.709 -27.877 66.685
-1.346 1.169 -26.81 66.634
-1.355 1.738 -26.105 66.532
-1.327 2.329 -25.362 66.464
-1.4 2.789 -25.238 66.362
-1.582 3.097 -25.859 66.325
-1.759 3.411 -26.428 66.247
-2.024 3.149 -26.945 66.221
-2.328 2.616 -27.46 66.128
-2.631 2.139 -27.824 66.077
-2.944 1.712 -27.53 66.039
-3.281 1.294 -27.11 66.063
-3.443 0.903 -26.958 66.05
-3.333 0.553 -27.179 66.004
-3.24 0.218 -27.385 65.91
-2.923 -0.728 -27.773 65.858
-2.465 -2.056 -28.29 65.783
-2.05 -3.305 -28.708 65.774
-1.771 -4.359 -28.645 65.752
-1.544 -5.41 -28.417 65.753
-1.189 -6.185 -28.596 65.697
-0.596 -6.38 -29.531 65.695
0.001 -6.602 -30.477 65.709
0.526 -6.407 -31.313 65.63
0.987 -5.884 -32.079 65.592
1.476 -5.398 -32.797 65.574
2.161 -4.912 -32.907 65.581
2.925 -4.416 -32.82 65.652
3.567 -4.012 -32.88 65.629
3.913 -3.824 -33.213 65.736
4.265 -3.697 -33.594 65.697
4.407 -3.017 -33.646 65.651
4.33 -1.773 -33.375 65.615
4.277 -0.602 -33.114 65.598
4.225 -0.024 -32.339 65.561
4.209 0.317 -31.376 65.527
4.037 0.658 -30.394 65.472
3.291 0.851 -29.252 65.44
2.535 1.018 -28.048 65.412
1.402 1.326 -27.259 65.342
-0.237 1.815 -27.008 65.307
-1.848 2.294 -26.727 65.289
-2.699 2.587 -26.502 65.256
-3.152 2.784 -26.315 65.202
-3.635 2.977 -26.06 65.182
-3.921 3.044 -25.507 65.191
-4.229 3.126 -24.874 65.206
-4.222 2.99 -24.47 65.223
-3.679 2.487 -24.441 65.175
-3.143 1.984 -24.379 65.176
-2.695 1.662 -24.888 65.2
-2.287 1.447 -25.778 65.143
-1.962 1.289 -26.631 65.16
-2.269 1.672 -27.576 65.199
-2.791 2.208 -28.559 65.16
-2.899 2.566 -29.4 65.18
-2.174 2.587 -29.947 65.27
-1.426 2.617 -30.469 65.284
-0.766 2.402 -31.281 65.218
-0.173 1.961 -32.362 65.204
0.4 1.582 -33.354 65.209
0.587 1.676 -33.44 65.326
0.649 1.964 -33.244 65.289
0.729 2.051 -32.994 65.272
0.793 1.628 -32.452 65.185
0.855 1.201 -31.828 65.183
0.955 0.474 -31.869 65.139
1.098 -0.6 -32.642 65.082
1.237 -1.638 -33.372 65.02
1.287 -2.317 -34.575 64.954
1.312 -2.837 -36.013 64.944
1.273 -3.361 -37.242 64.887
0.971 -3.768 -37.761 64.827
0.605 -4.194 -38.209 64.807
0.481 -4.403 -38.527 64.908
0.687 -4.294 -38.62 64.947
0.881 -4.21 -38.741 64.879
0.988 -3.678 -38.096 64.822
1.057 -2.892 -37.027 64.805
1.069 -2.144 -35.963 64.837
0.737 -1.42 -34.623 64.785
0.304 -0.68 -33.153 64.876
0.122 -0.101 -32.265 64.95
0.369 0.172 -32.446 65.059
0.632 0.451 -32.588 65.035
0.538 0.671 -33.294 65.073
0.171 0.844 -34.428 65.064
-0.136 1.035 -35.457 65.083
-0.2 1.359 -35.947 65.086
-0.181 1.703 -36.331 65.032
-0.246 2.13 -36.467 64.986
-0.48 2.761 -35.91 64.949
-0.716 3.429 -35.364 64.952
-1.008 3.73 -34.449 64.882
-1.362 3.675 -33.175 64.943
-1.688 3.671 -31.945 64.91
-1.672 3.926 -31.069 64.868
-1.504 4.315 -30.242 64.797
-1.474 4.52 -29.831 64.824
-1.802 4.164 -30.845 64.743
-2.191 3.798 -32.022 64.76
-2.337 3.106 -32.749 64.709
-2.199 2.001 -32.962 64.713
-2.077 0.924 -33.208 64.697
-1.694 0.136 -33.564 64.67
-1.181 -0.528 -33.989 64.621
-0.719 -1.106 -34.36 64.623
-0.399 -1.179 -34.52 64.543
-0.105 -1.182 -34.662 64.539
0.212 -1.202 -34.709 64.584
0.559 -1.225 -34.599 64.545
0.902 -1.248 -34.484 64.626
1.395 -1.315 -34.623 64.631
2.005 -1.417 -34.904 64.6
2.518 -1.487 -35.251 64.603
2.476 -1.371 -36.203 64.628
2.292 -1.216 -37.287 64.551
2.246 -1.061 -38.326 64.607
2.416 -0.884 -39.301 64.68
2.616 -0.721 -40.346 64.695
2.414 -0.339 -40.299 64.717
1.882 0.229 -39.36 64.722
1.393 0.749 -38.52 64.73
1.007 0.921 -37.723 64.705
0.639 1.001 -36.9 64.775
0.373 1.011 -36.383 64.742
0.392 0.788 -36.716 64.727
0.453 0.525 -37.076 64.853
0.223 0.575 -37.616 64.881
-0.311 0.951 -38.357 64.819
-0.809 1.293 -39.079 64.886
-1.021 1.48 -39.722 64.835
-1.102 1.598 -40.364 64.816
-1.242 1.722 -40.837 64.818
-1.5 1.825 -40.665 64.831
-1.803 1.923 -40.418 64.779
-1.871 2.045 -40.239 64.766
-1.63 2.198 -40.125 64.733
-1.405 2.349 -40.012 64.697
-1.333 2.602 -39.881 64.645
-1.345 2.919 -39.767 64.628
-1.354 3.184 -39.538 64.594
-1.381 3.217 -38.698 64.563
-1.457 3.215 -37.751 64.526
-1.207 3.175 -36.848 64.588
-0.395 3.055 -36.007 64.618
0.416 2.936 -35.102 64.579
1.003 2.878 -35.566 64.558
1.427 2.88 -36.996 64.519
1.879 2.813 -38.262 64.488
2.349 2.273 -39.125 64.405
2.876 1.578 -39.964 64.514
3.115 1.112 -40.277 64.513
2.713 1.107 -39.357 64.49
2.283 1.121 -38.38 64.491
2.036 1.065 -37.827 64.548
1.95 0.959 -37.644 64.58
1.848 0.831 -37.445 64.648
1.725 0.304 -37.56 64.596
1.603 -0.375 -37.782 64.61
1.431 -0.944 -37.954 64.715
1.105 -1.262 -38.063 64.862
0.759 -1.548 -38.1 64.79
0.515 -1.953 -38.76 64.987
0.384 -2.489 -40.133 65.123
0.246 -3.018 -41.45 65.089
0.059 -3.518 -42.054 65.063
-0.141 -4.034 -42.391 65.106
-0.388 -4.407 -42.461 65.169
-0.829 -4.159 -41.221 65.11
-1.336 -3.863 -39.758 65.056
-1.524 -3.334 -38.754 64.977
-1.249 -2.432 -38.374 65.008
-0.989 -1.543 -37.958 65.004
-0.966 -0.845 -38.094 65.007
-1.091 -0.265 -38.551 64.976
-1.182 0.331 -38.98 65.241
-1.166 0.908 -39.517 65.226
-1.156 1.506 -40.082 65.238
-0.956 1.966 -40.553 65.212
-0.392 2.161 -40.844 65.279
0.19 2.362 -41.144 65.176
0.459 2.495 -41.324 65.145
0.499 2.576 -41.425 65.095
0.524 2.67 -41.486 65.11
0.109 2.833 -41.027 65.095
-0.432 3.01 -40.422 65.042
-0.906 3.222 -39.848 65.063
-1.26 3.519 -39.301 65.029
-1.629 3.856 -38.705 64.946
-1.763 3.794 -38.683 64.909
-1.668 3.339 -39.234 64.863
-1.583 2.929 -39.712 64.779
-1.257 2.667 -39.836 64.712
-0.83 2.477 -39.801 64.705
-0.481 2.238 -39.852 64.66
-0.351 1.873 -40.098 64.62
-0.227 1.497 -40.368 64.563
-0.224 1.111 -40.605 64.625
-0.379 0.711 -40.807 64.591
-0.527 0.312 -41.008 64.555
-0.852 0.365 -40.651 64.525
-1.291 0.656 -39.994 64.508
-1.597 0.867 -39.463 64.468
-1.318 0.878 -39.335 64.37
-0.972 0.842 -39.256 64.348
-0.469 0.898 -39.301 64.308
0.316 1.088 -39.577 64.289
1.112 1.28 -39.839 64.24
1.381 1.362 -40.27 64.203
1.302 1.379 -40.82 64.156
1.27 1.373 -41.308 64.106
1.251 1.159 -41.442 64.027
1.226 0.876 -41.512 63.955
1.296 0.737 -41.477 63.883
1.557 0.873 -41.159 63.807
1.858 1.032 -40.885 63.815
1.616 0.894 -39.929 63.738
0.914 0.503 -38.373 63.647
0.265 0.153 -36.972 63.624
-0.247 -0.039 -36.844 63.576
-0.773 -0.155 -37.072 63.604
-0.966 -0.396 -37.534 63.609
-0.229 -0.948 -38.851 63.555
0.618 -1.531 -40.269 63.467
0.898 -2.015 -41.103 63.385
0.584 -2.402 -41.324 63.339
0.312 -2.781 -41.581 63.236
-0.151 -2.518 -41.251 63.177
-0.679 -1.996 -40.702 63.166
-1.226 -1.451 -40.094 63.081
-1.865 -0.656 -39.123 63.085
-2.556 0.2 -38.071 63.106
-2.909 0.764 -37.36 63.128
-2.795 0.931 -37.113 63.07
-2.709 1.12 -36.83 63.044
-2.324 0.901 -37.597 63.116
-1.767 0.427 -38.969 63.052
-1.275 0.119 -40.152 62.973
-1.011 0.566 -40.737 62.958
-0.78 1.127 -41.25 62.922
-0.616 1.834 -41.475 62.878
-0.591 2.852 -41.134 62.831
-0.566 3.889 -40.811 62.836
-0.489 4.463 -40.304 62.861
-0.373 4.729 -39.655 62.826
-0.273 4.922 -39.077 62.892
-0.267 4.13 -38.992 62.85
-0.296 3.069 -39.021 62.806
-0.265 2.165 -39.13 63.062
-0.101 1.511 -39.49 63.103
0.061 0.857 -39.856 63.087
0.294 0.349 -40.186 63.127
0.59 -0.018 -40.477 63.128
0.892 -0.4 -40.794 63.215
1.418 -0.689 -41.425 63.209
2.017 -0.988 -42.199 63.275
2.628 -1.094 -42.802 63.212
3.294 -0.593 -42.907 63.123
4.015 -0.015 -43.03 63.175
4.274 0.279 -42.625 63.136
3.988 0.254 -41.584 63.21
3.738 0.247 -40.584 63.197
3.383 0.018 -39.621 63.19
2.975 -0.319 -38.639 63.152
2.631 -0.602 -37.856 63.159
2.519 -0.707 -37.937 63.224
2.465 -0.81 -38.157 63.255
2.225 -0.747 -38.202 63.334
1.714 -0.423 -38.028 63.354
1.21 -0.11 -37.853 63.327
0.735 0.172 -37.952 63.369
0.259 0.432 -38.233 63.463
-0.133 0.699 -38.443 63.424
-0.01 0.984 -38.361 63.488
0.266 1.289 -38.207 63.595
0.237 1.493 -38.117 63.751
-0.347 1.483 -38.137 63.832
-0.938 1.51 -38.137 63.835
-1.437 0.93 -38.487 63.826
-1.856 -0.15 -39.117 63.808
-2.307 -1.094 -39.711 63.802
-2.985 -1.101 -40.263 63.846
-3.753 -0.868 -40.805 63.985
-4.381 -0.455 -41.31 64.023
-4.65 0.566 -41.716 64.006
-4.964 1.631 -42.107 64.028
-4.614 2.466 -42.621 64.031
-3.58 3.077 -43.266 64.009
-2.625 3.698 -43.87 64.029
-2.111 4.012 -43.644 64.029
-1.763 4.241 -43.111 64.036
-1.492 4.332 -42.51 64.001
-1.61 3.873 -41.489 64.02
-1.764 3.347 -40.368 64.01
-1.896 2.952 -39.795 64.03
-2.01 2.71 -39.923 64.137
-2.126 2.459 -40.01 64.224
-2.047 3.1 -40.161 64.266
-1.873 4.235 -40.328 64.296
-1.68 5.172 -40.525 64.346
-1.301 5.439 -40.85 64.298
-0.905 5.643 -41.245 64.329
-0.43 5.496 -41.3 64.309
0.189 4.712 -40.795 64.32
0.811 3.949 -40.306 64.379
1.289 3.122 -39.7 64.415
1.683 2.259 -39.004 64.483
2.032 1.388 -38.373 64.608
1.956 0.437 -38.17 64.626
1.749 -0.56 -38.052 64.689
1.74 -1.391 -38.024 64.738
2.112 -1.849 -38.252 64.824
2.498 -2.338 -38.458 64.84
2.812 -2.32 -38.991 64.918
3.071 -1.853 -39.812 64.944
3.312 -1.452 -40.591 64.963
3.23 -1.343 -41.125 65.039
3.027 -1.321 -41.632 65.124
2.928 -1.371 -41.838 65.17
3.044 -1.706 -41.122 65.106
3.234 -2.034 -40.342 65.137
2.867 -2.567 -39.617 65.099
1.887 -3.327 -38.933 65.143
0.952 -4.081 -38.26 65.159
0.046 -5.112 -38.343 65.21
-0.869 -6.329 -38.738 65.238
-1.635 -7.198 -39.179 65.303
-1.796 -6.733 -40.038 65.273
-1.881 -6.145 -40.936 65.281
-2.006 -5.257 -41.876 65.238
-2.164 -3.883 -42.886 65.229
-2.325 -2.525 -43.908 65.247
-2.314 -1.629 -44.091 65.231
-2.205 -0.979 -43.792 65.195
-2.112 -0.409 -43.548 65.134
-2.053 -0.544 -43.189 65.093
-1.977 -0.798 -42.832 65.091
-2.064 -1.08 -42.393 65.08
-2.443 -1.453 -41.82 65.078
-2.854 -1.857 -41.204 65.066
-2.643 -1.652 -41.356 65.035
-1.971 -1.014 -42.072 65.001
-1.347 -0.351 -42.741 64.979
-0.654 1.006 -43.571 64.922
0.065 2.592 -44.486 64.882
0.688 3.867 -45.092 64.943
1.074 4.468 -44.949 64.914
1.468 5.068 -44.822 64.94
1.663 5.391 -44.208 64.924
1.661 5.446 -43.12 64.878
1.695 5.517 -42.085 64.88
2.079 5.409 -41.244 64.982
2.586 5.212 -40.433 65.013
3.121 5.16 -39.86 64.965
3.815 5.549 -40.094 64.944
4.54 5.964 -40.435 64.932
5.088 6.471 -40.397 64.939
5.421 7.103 -39.919 64.956
5.766 7.723 -39.466 64.897
5.669 7.893 -39.222 64.831
5.351 7.842 -39.066 64.806
5.103 7.821 -38.983 64.786
4.995 7.709 -39.334 64.732
4.936 7.674 -39.722 64.704
4.707 7.04 -40.269 64.63
4.218 5.461 -41.089 64.56
3.744 3.919 -41.903 64.528
3.017 2.227 -42.703 64.501
2.116 0.434 -43.527 64.557
1.297 -1.283 -44.21 64.501
0.876 -2.506 -43.949 64.464
0.555 -3.693 -43.461 64.469
0.16 -4.453 -43.131 64.478
-0.351 -4.273 -43.035 64.477
-0.857 -4.127 -42.928 64.444
-1.477 -3.424 -43.073 64.393
-2.194 -2.242 -43.425 64.36
-2.89 -1.197 -43.761 64.325
-3.474 -1.16 -44.13 64.322
-4.021 -1.433 -44.55 64.279
-4.583 -1.673 -44.722 64.229
-5.155 -1.999 -44.213 64.208
-5.748 -2.316 -43.703 64.158
-6.143 -2.707 -42.835 64.226
-6.332 -3.175 -41.582 64.254
-6.533 -3.63 -40.367 64.23
-6.481 -3.752 -39.334 64.46
-6.343 -3.777 -38.352 64.543
-6.15 -3.627 -37.503 64.569
-5.683 -2.771 -37.228 64.525
-5.194 -1.793 -36.957 64.586
-4.664 -1.229 -37.112 64.566
-4.07 -1.198 -37.856 64.592
-3.481 -1.138 -38.571 64.554
-2.802 -1.041 -39.286 64.516
-2.083 -0.908 -40.048 64.475
-1.337 -0.818 -40.571 64.49
-0.419 -0.939 -39.828 64.498
0.544 -1.096 -38.867 64.481
1.393 -1.24 -37.954 64.661
2.057 -1.369 -37.058 64.642
2.727 -1.517 -36.101 64.608
3.314 -1.25 -36.568 64.712
3.844 -0.692 -38.056 64.741
4.37 -0.182 -39.309 64.808
4.759 0.26 -39.708 64.936
5.144 0.664 -39.886 64.927
5.367 1.16 -40.031 64.986
5.207 1.847 -39.984 64.979
5.035 2.548 -39.939 65.005
4.938 3.143 -39.897 64.986
4.913 3.655 -39.859 65.049
4.864 4.135 -39.829 65.066
4.564 3.961 -39.938 65.071
4.175 3.575 -40.088 65.045
3.802 3.179 -40.269 65.006
3.422 2.632 -40.581 64.963
3.052 2.061 -40.892 64.945
2.607 1.651 -41.295 64.891
2.077 1.422 -41.809 64.879
1.553 1.185 -42.306 64.837
1.153 1.295 -42.358 64.797
0.797 1.57 -42.19 64.779
0.485 1.782 -42.126 64.796
0.358 1.836 -42.35 64.768
0.309 1.877 -42.611 64.794
-0.149 1.849 -42.904 64.73
-1.2 1.709 -43.258 64.763
-2.231 1.576 -43.617 64.825
-3.024 1.284 -43.658 64.859
-3.668 0.881 -43.518 64.921
-4.333 0.556 -43.371 65.039
-4.944 0.606 -43.006 65.031
-5.606 0.751 -42.607 65.007
-5.901 0.771 -42.182 65.059
-5.491 0.583 -41.689 64.997
-5.085 0.403 -41.2 65.059
-4.653 0.062 -40.632 65.016
-4.2 -0.408 -39.987 65.16
-3.76 -0.847 -39.413 65.375
-3.417 -1.119 -39.502 65.553
-3.108 -1.353 -39.755 65.592
-2.752 -1.525 -40.105 65.576
-2.29 -1.519 -40.759 65.569
-1.823 -1.506 -41.499 65.872
-1.358 -1.505 -41.391 65.995
-0.895 -1.513 -40.457 66.072
-0.427 -1.525 -39.586 66.031
0.23 -1.58 -38.577 65.997
0.936 -1.666 -37.45 65.983
1.737 -1.68 -36.723 66.199
2.881 -1.459 -37.318 66.33
4.09 -1.217 -38.057 66.471
4.991 -0.97 -38.571 66.586
5.513 -0.711 -38.844 66.601
6.057 -0.453 -39.127 66.722
6.285 -0.077 -39.541 66.786
6.356 0.358 -40.014 66.772
6.454 0.782 -40.522 66.745
6.524 1.2 -41.205 66.721
6.638 1.613 -41.987 66.661
6.439 2.053 -42.251 66.56
5.734 2.535 -41.688 66.488
5.036 3.019 -41.144 66.43
4.564 3.501 -40.631 66.397
4.253 4.003 -40.113 66.356
3.885 4.423 -39.713 66.363
3.264 4.258 -40.177 66.32
2.566 3.96 -40.841 66.218
1.98 3.674 -41.457 66.162
1.597 3.358 -42.055 66.092
1.232 3.028 -42.67 66.035
0.65 2.941 -42.966 66.075
-0.116 3.06 -42.99 66.028
-0.855 3.155 -43.043 65.972
-1.49 3.169 -43.083 65.959
-2.091 3.186 -43.128 65.901
-2.693 3.038 -43.153 65.852
-3.276 2.422 -43.118 65.867
-3.87 1.761 -43.088 65.878
-4.337 1.294 -42.981 65.997
-4.666 1.03 -42.794 66.048
-5.006 0.746 -42.609 66.035
-5.284 0.33 -42.335 65.967
-5.545 -0.146 -42.01 65.944
-5.775 -0.608 -41.76 65.982
-5.833 -1.025 -41.785 65.958
-5.93 -1.486 -41.822 65.927
-5.57 -1.558 -42.023 65.896
-4.573 -1.093 -42.457 65.808
-3.604 -0.651 -42.891 65.775
-3.082 -0.543 -42.392 65.743
-2.818 -0.623 -41.37 65.739
-2.514 -0.694 -40.413 65.692
-2.175 -0.881 -39.457 65.649
-1.854 -1.087 -38.405 65.605
-1.336 -1.271 -38.062 65.561
-0.464 -1.416 -38.983 65.531
0.409 -1.579 -39.908 65.539
1.149 -1.389 -40.486 65.501
1.783 -0.937 -40.834 65.469
2.463 -0.539 -41.112 65.438
3.413 -0.33 -40.54 65.433
4.453 -0.169 -39.715 65.403
5.375 -0.033 -39.136 65.407
6.038 0.018 -39.036 65.413
6.725 0.065 -38.928 65.455
7.018 0.153 -39.144 65.444
6.946 0.275 -39.667 65.467
6.906 0.402 -40.155 65.428
6.747 0.618 -40.616 65.5
6.562 0.882 -41.054 65.58
6.34 1.059 -41.526 65.616
5.979 0.994 -42.085 65.631
5.614 0.876 -42.666 65.663
5.194 1.064 -43.106 65.748
4.705 1.608 -43.379 65.788
4.223 2.128 -43.665 65.817
3.622 2.617 -43.792 65.792
2.984 3.093 -43.874 65.811
2.275 3.547 -43.847 65.778
1.221 3.859 -43.323 65.8
0.109 4.208 -42.689 65.802
-0.913 4.152 -42.372 65.816
-1.809 3.473 -42.509 65.825
-2.72 2.818 -42.634 65.796
-3.219 2.105 -42.576 65.827
-3.46 1.34 -42.386 65.896
-3.753 0.676 -42.275 65.96
-4.124 0.634 -42.552 66.027
-4.549 0.721 -42.938 66.142
-4.767 0.792 -43.145 66.133
-4.583 0.886 -43.027 66.181
-4.407 0.981 -42.925 66.196
-4.063 1.012 -42.54 66.379
-3.569 0.992 -41.928 66.431
-3.152 0.971 -41.354 66.448
-3.326 0.846 -40.919 66.51
-3.728 0.708 -40.515 66.664
-3.814 0.483 -40.183 66.724
-3.172 0.029 -40.073 66.733
-2.495 -0.463 -39.954 66.744
-1.796 -0.652 -40.033 66.847
-1.06 -0.536 -40.322 66.894
-0.339 -0.443 -40.572 66.935
0.157 -0.299 -40.38 67.153
0.561 -0.112 -39.996 67.212
0.991 -0.065 -39.702 67.237
1.46 -0.484 -39.624 67.277
1.919 -0.991 -39.55 67.312
2.52 -1.146 -39.646 67.47
3.306 -0.858 -39.973 67.643
4.085 -0.596 -40.286 67.734
4.311 -0.167 -40.562 67.711
4.259 0.35 -40.824 67.683
4.19 0.826 -41.058 67.666
3.82 1.146 -41.134 67.619
3.383 1.452 -41.186 67.64
3.122 1.675 -41.24 67.615
3.138 1.753 -41.296 67.751
3.152 1.819 -41.335 67.782
3.064 2.273 -41.821 67.83
2.904 3.004 -42.633 67.827
2.762 3.644 -43.309 67.918
2.658 3.821 -43.237 67.936
2.585 3.93 -42.999 67.954
2.394 3.77 -42.682 68.01
1.952 2.975 -42.105 67.981
1.503 2.147 -41.526 67.959
1.125 1.668 -40.974 67.928
0.817 1.494 -40.439 67.933
0.473 1.28 -39.927 67.907
-0.249 0.915 -39.783 67.884
-1.126 0.512 -39.744 67.841
-1.829 0.035 -39.774 67.857
-2.078 -0.666 -40.074 67.832
-2.334 -1.416 -40.394 67.803
-2.202 -1.822 -40.657 67.757
-1.622 -1.852 -40.859 67.809
-1.089 -1.899 -41.065 67.832
-1.058 -1.495 -41.025 67.804
-1.254 -0.88 -40.924 67.773
-1.424 -0.385 -40.619 67.741
-1.63 -0.235 -39.5 67.809
-1.864 -0.135 -38.165 67.807
-1.888 -0.004 -37.735 67.825
-1.611 0.155 -38.564 67.807
-1.346 0.313 -39.338 67.812
-1.177 0.513 -40.091 67.803
-1.065 0.739 -40.858 67.796
-0.949 0.955 -41.459 67.768
-0.84 1.135 -41.058 67.804
-0.753 1.308 -40.476 67.745
-0.522 1.486 -39.879 67.755
-0.021 1.659 -39.185 67.767
0.474 1.858 -38.467 67.706
1.054 1.591 -38.232 67.664
1.706 0.969 -38.332 67.663
2.315 0.423 -38.488 67.684
2.584 0.21 -39.536 67.754
2.778 0.078 -40.861 67.766
2.888 0.011 -41.9 67.895
2.751 0.143 -42.347 67.943
2.603 0.295 -42.805 67.976
2.506 0.267 -42.86 67.969
2.457 0.07 -42.526 67.951
2.403 -0.124 -42.225 68.039
2.314 -0.5 -41.798 68.003
2.217 -0.975 -41.337 68.073
2.097 -1.265 -40.857 68.146
1.898 -0.971 -40.324 68.243
1.685 -0.652 -39.72 68.243
1.544 -0.122 -39.711 68.423
1.488 0.681 -40.427 68.529
1.429 1.462 -41.099 68.528
1.368 1.58 -41.652 68.662
1.331 1.38 -42.176 68.702
1.169 1.191 -42.542 68.676
0.463 0.827 -42.145 68.781
-0.362 0.417 -41.642 68.857
-0.894 0.212 -41.123 68.966
-0.997 0.322 -40.542 68.983
-1.116 0.427 -39.952 68.954
-1.129 0.411 -39.772 69.004
-1.068 0.319 -39.856 69.013
-1.052 0.227 -39.897 69.063
-1.229 0.092 -39.932 69.104
-1.503 -0.085 -39.923 69.166
-1.442 -0.053 -40.142 69.206
-0.726 0.399 -40.814 69.238
0.016 0.866 -41.507 69.24
0.44 1.137 -41.938 69.32
0.616 1.255 -42.174 69.359
0.783 1.367 -42.368 69.469
0.542 1.208 -41.794 69.532
0.15 0.963 -40.979 69.513
-0.043 0.774 -40.27 69.554
0.245 0.708 -39.753 69.642
0.546 0.624 -39.195 69.608
0.992 0.807 -39.205 69.632
1.6 1.272 -39.812 69.62
2.185 1.711 -40.376 69.655
2.511 1.98 -41.036 69.685
2.735 2.214 -41.784 69.737
2.939 2.272 -42.241 69.704
2.997 1.645 -41.653 69.702
3.039 0.936 -40.945 69.702
3.116 0.328 -40.313 69.729
3.233 -0.167 -39.746 69.735
3.352 -0.671 -39.173 69.709
3.356 -0.727 -39.193 69.758
3.321 -0.55 -39.541 69.725
3.197 -0.377 -39.805 69.665
2.589 -0.054 -39.915 69.625
1.858 0.319 -39.964 69.577
1.42 0.489 -40.208 69.573
1.458 0.316 -40.78 69.519
1.484 0.151 -41.331 69.461
1.65 -0.044 -42.229 69.418
1.92 -0.26 -43.382 69.451
2.142 -0.471 -44.444 69.392
2.039 -0.634 -45.01 69.362
1.894 -0.817 -45.46 69.329
1.526 -0.816 -45.855 69.281
0.629 -0.389 -46.052 69.24
-0.31 0.041 -46.277 69.217
-0.833 0.543 -46.13 69.175
-0.98 1.123 -45.657 69.24
-1.179 1.656 -45.188 69.208
-1.55 1.591 -44.33 69.168
-2.012 1.31 -43.291 69.169
-2.336 1.121 -42.553 69.179
-2.275 1.085 -42.662 69.19
-2.189 1.077 -42.818 69.133
-2.075 0.956 -43.114 69.136
-1.915 0.711 -43.591 69.082
-1.769 0.474 -44.046 69.046
-2.021 0.268 -43.819 69.019
-2.499 0.071 -43.303 69.077
-2.746 -0.103 -42.717 69.046
-2.175 -0.167 -41.638 69.014
-1.475 -0.231 -40.458 68.965
-0.935 -0.201 -39.601 68.887
-0.59 -0.028 -39.203 68.851
-0.236 0.139 -38.775 68.877
0.033 0.27 -38.745 68.83
0.26 0.38 -38.927 68.824
0.466 0.479 -39.17 68.821
0.516 0.501 -39.986 68.797
0.52 0.502 -40.931 68.826
0.634 0.548 -41.731 68.807
0.951 0.672 -42.293 68.788
1.262 0.803 -42.871 68.748
1.659 0.825 -43.152 68.717
2.127 0.764 -43.213 68.64
2.57 0.714 -43.263 68.591
2.838 0.678 -42.942 68.606
3.071 0.642 -42.507 68.589
3.228 0.638 -42.167 68.552
3.157 0.711 -42.03 68.566
3.099 0.797 -41.876 68.523
2.822 0.779 -42.022 68.467
2.327 0.661 -42.47 68.413
1.852 0.542 -42.874 68.384
1.368 0.208 -42.945 68.323
0.875 -0.226 -42.884 68.322
0.423 -0.551 -42.843 68.32
0.131 -0.548 -42.787 68.277
-0.188 -0.53 -42.734 68.274
-0.146 -0.365 -42.676 68.249
0.357 -0.004 -42.615 68.35
0.83 0.344 -42.553 68.299
0.935 0.374 -42.08 68.265
0.845 0.233 -41.4 68.269
0.798 0.15 -40.754 68.224
0.811 0.224 -40.141 68.236
0.838 0.313 -39.498 68.19
0.859 0.49 -39.138 68.134
0.874 0.817 -39.234 68.072
0.896 1.154 -39.337 68.081
0.706 1.058 -38.917 68.043
0.37 0.662 -38.151 68.007
0.085 0.361 -37.438 67.928
0.011 0.46 -36.762 67.913
0.003 0.654 -36.113 67.924
-0.107 0.847 -35.39 67.953
-0.401 1.085 -34.537 67.971
-0.721 1.323 -33.633 68.417
-0.7 1.531 -33.431 68.553
-0.391 1.711 -33.813 68.799
-0.117 1.899 -34.156 68.968
0.082 2.132 -34.85 69.136
0.26 2.396 -35.639 69.26
0.4 2.57 -36.437 69.537
0.426 2.496 -37.298 69.695
0.425 2.417 -38.197 69.886
0.631 2.242 -38.744 70.096
1.06 1.958 -38.914 70.354
1.464 1.682 -39.106 70.601
1.654 1.369 -38.981 70.807
1.745 1.039 -38.725 70.961
1.877 0.73 -38.494 71.217
2.081 0.511 -38.269 71.548
2.327 0.276 -38.044 71.814
2.325 0.24 -37.84 71.998
1.985 0.481 -37.665 72.12
1.659 0.71 -37.488 72.228
1.491 0.88 -37.299 72.283
1.412 1.027 -37.094 72.359
1.332 1.121 -36.926 72.401
1.3 0.904 -36.965 72.402
1.303 0.61 -37.026 72.368
1.116 0.471 -37.182 72.432
0.59 0.59 -37.513 72.445
0.069 0.704 -37.87 72.541
-0.492 0.861 -37.629 72.542
-1.1 1.053 -36.931 72.556
-1.626 1.223 -36.385 72.495
-1.463 1.226 -36.678 72.455
-1.127 1.2 -37.193 72.436
-0.777 1.095 -37.701 72.418
-0.315 0.789 -38.278 72.403
0.166 0.469 -38.908 72.41
0.407 0.277 -38.846 72.356
0.427 0.204 -38.14 72.343
0.466 0.116 -37.502 72.287
0.466 -0.022 -36.886 72.25
0.446 -0.188 -36.299 72.178
0.479 -0.309 -35.659 72.182
0.665 -0.293 -34.874 72.275
0.885 -0.273 -34.056 72.239
0.905 -0.193 -33.438 72.22
0.693 -0.037 -33.054 72.165
0.498 0.113 -32.656 72.177
0.653 0.265 -32.499 72.17
0.956 0.414 -32.445 72.143
1.319 0.572 -32.401 72.159
2.027 0.751 -32.49 72.186
2.837 0.958 -32.577 72.212
3.218 0.975 -32.781 72.181
2.961 0.704 -33.164 72.152
2.728 0.44 -33.547 72.081
2.457 0.342 -33.721 72.058
2.16 0.345 -33.776 72.015
1.897 0.356 -33.801 71.986
1.831 0.504 -33.552 71.934
1.803 0.695 -33.206 71.893
1.796 0.772 -33.14 71.818
1.843 0.636 -33.598 71.775
1.909 0.499 -34.073 71.71
1.632 0.361 -34.301 71.649
1.075 0.215 -34.344 71.575
0.574 0.099 -34.361 71.504
0.352 0.292 -33.84 71.432
0.204 0.587 -33.158 71.377
0.105 0.803 -32.551 71.284
0.172 0.856 -32.074 71.443
0.255 0.915 -31.576 71.51
0.22 0.813 -31.384 71.479
0.065 0.54 -31.505 71.368
-0.071 0.292 -31.598 71.27
-0.02 0.248 -31.629 71.199
0.114 0.299 -31.658 71.121
0.199 0.278 -31.56 71.012
0.154 0.072 -31.016 70.913
0.102 -0.178 -30.398 70.857
-0.01 -0.227 -30.04 70.778
-0.205 -0.023 -30.006 70.693
-0.395 0.168 -29.955 70.597
-0.274 0.622 -29.989 70.484
0.02 1.232 -30.078 70.387
0.246 1.724 -30.095 70.278
0.271 1.742 -29.795 70.169
0.244 1.66 -29.425 70.068
0.331 1.739 -29.185 69.969
0.593 2.05 -29.144 69.879
0.849 2.374 -29.097 69.771
1.232 2.346 -29.127 69.697
1.718 2.086 -29.212 69.588
2.124 1.831 -29.277 69.482
2.01 1.405 -29.258 69.402
1.764 0.911 -29.211 69.303
1.571 0.619 -29.209 69.211
1.446 0.755 -29.294 69.109
1.303 0.895 -29.387 69.009
1.463 1.087 -29.374 68.905
1.898 1.334 -29.254 68.81
2.264 1.546 -29.195 68.721
2.081 1.335 -29.745 68.641
1.7 0.983 -30.568 68.538
1.408 0.661 -30.979 68.438
1.268 0.358 -30.301 68.338
1.142 0.029 -29.569 68.247
1.019 0.005 -28.635 68.165
0.906 0.324 -27.445 68.063
0.789 0.607 -26.3 67.997
0.584 0.54 -26.227 67.893
0.327 0.303 -26.629 67.81
0.133 0.137 -26.962 67.724
0.161 0.139 -27.31 67.616
0.223 0.167 -27.706 67.557
0.232 0.183 -27.683 67.465
0.173 0.189 -27.061 67.382
0.117 0.202 -26.46 67.316
0.011 -0.152 -26.165 67.222
-0.135 -0.723 -26.04 67.131
-0.23 -1.241 -25.943 67.06
-0.059 -1.592 -26.153 67.031
0.175 -1.959 -26.435 67.91
0.319 -1.995 -26.585 67.882
0.323 -1.404 -26.511 67.908
0.323 -0.82 -26.437 67.871
0.39 -0.185 -26.382 67.815
0.498 0.507 -26.348 67.828
0.636 1.115 -26.288 68.06
1.082 1.008 -25.998 68.388
1.631 0.688 -25.646 69.392
2.047 0.503 -25.3 70.304
2.168 0.55 -24.945 70.77
2.307 0.597 -24.568 70.952
2.086 0.786 -24.455 71.509
1.505 1.116 -24.591 72.376
1.003 1.426 -24.711 73.049
1.256 1.636 -24.958 73.701
1.822 1.804 -25.257 74.041
2.206 1.994 -25.504 74.39
2.161 2.219 -25.588 74.634
2.084 2.473 -25.695 74.813
1.937 2.507 -25.468 74.939
1.688 2.272 -24.829 75.037
1.451 2.054 -24.218 75.202
1.359 1.681 -23.903 75.405
1.368 1.228 -23.732 75.666
1.238 0.818 -23.565 75.967
0.569 0.573 -23.547 76.206
-0.233 0.316 -23.515 76.465
-0.657 0.328 -23.718 76.559
-0.52 0.766 -24.297 76.663
-0.403 1.206 -24.866 76.739
-0.16 1.15 -25.413 76.855
0.162 0.768 -25.974 76.968
0.465 0.458 -26.407 77.027
0.701 0.329 -25.931 77.065
0.937 0.247 -25.289 77.07
1.077 0.145 -24.478 77.094
1.006 0.024 -23.25 77.116
0.949 -0.1 -21.982 77.18
0.671 -0.203 -21.337 77.239
0.207 -0.296 -21.193 77.244
-0.219 -0.368 -21.029 77.25
-0.408 -0.192 -21.333 77.222
-0.553 0.081 -21.766 77.165
-0.54 0.22 -22.191 77.117
-0.075 0.039 -22.652 77.045
0.439 -0.165 -23.145 76.996
0.669 -0.307 -23.315 76.96
0.602 -0.39 -23.158 76.903
0.571 -0.468 -22.999 76.86
0.81 -0.282 -22.026 76.844
1.177 0.018 -20.699 76.807
1.46 0.276 -19.541 76.791
1.499 0.456 -18.826 76.768
1.525 0.617 -18.1 76.713
1.422 0.848 -17.892 76.683
1.136 1.171 -18.4 76.628
0.86 1.492 -18.866 76.568
0.973 1.847 -19.32 76.517
1.323 2.244 -19.755 76.437
1.532 2.533 -20.204 76.415
1.201 2.284 -20.683 76.371
0.727 1.916 -21.211 76.365
0.59 1.751 -21.451 76.356
0.989 1.897 -21.191 76.329
1.395 2.046 -20.955 76.341
1.548 2.096 -20.391 76.318
1.535 2.081 -19.592 76.29
1.495 2.059 -18.854 76.251
1.083 1.909 -18.431 76.196
0.543 1.724 -18.027 76.171
0.242 1.576 -17.981 76.132
0.438 1.493 -18.775 76.139
0.645 1.427 -19.612 76.117
0.883 1.159 -20.105 76.089
1.168 0.706 -20.301 76.09
1.393 0.29 -20.497 76.044
0.854 0.157 -20.217 76.013
0.005 0.124 -19.788 75.974
-0.563 0.073 -19.342 75.928
-0.433 0.022 -18.75 75.901
-0.245 -0.016 -18.159 75.889
-0.106 -0.21 -17.484 75.872
-0.004 -0.587 -16.712 75.859
0.094 -0.943 -15.947 75.858
0.088 -0.918 -15.564 75.852
0.009 -0.706 -15.303 75.847
0.055 -0.576 -15.263 75.854
0.578 -0.663 -16.26 75.831
1.176 -0.788 -17.399 75.817
1.669 -0.872 -18.45 75.787
2.029 -0.909 -19.416 75.748
2.398 -0.954 -20.396 75.68
2.575 -0.589 -21 75.599
2.646 0.046 -21.422 75.512
2.7 0.537 -21.705 75.443
2.551 0.39 -20.972 75.379
2.354 0.074 -20.011 75.329
2.236 0.02 -19.283 75.293
2.245 0.4 -18.921 75.231
2.269 0.799 -18.554 75.166
2.037 0.912 -18.272 75.115
1.604 0.81 -18.041 75.054
1.205 0.72 -17.852 75.016
0.926 0.525 -18.09 74.997
0.663 0.275 -18.504 74.981
0.514 0.198 -18.582 74.921
0.658 0.536 -17.867 74.897
0.831 0.911 -17.143 74.877
0.811 1.071 -16.142 74.867
0.61 1.021 -14.85 74.824
0.411 1 -13.618 74.781
-0.008 1.138 -13.108 74.746
-0.548 1.37 -12.869 74.731
-0.878 1.45 -12.631 74.745
-0.546 1.07 -12.575 74.705
-0.146 0.627 -12.516 74.691
0.181 0.352 -12.57 74.65
0.435 0.272 -12.768 74.579
0.693 0.182 -12.958 74.527
1.061 0.463 -13.353 74.512
1.499 0.942 -13.87 74.495
1.863 1.331 -14.274 74.483
1.91 1.431 -14.204 74.404
1.91 1.475 -14.079 74.336
1.895 1.581 -13.831 74.245
1.834 1.765 -13.358 74.19
1.781 1.955 -12.883 74.117
1.585 1.952 -12.629 74.036
1.298 1.816 -12.513 73.931
1.019 1.723 -12.41 73.846
0.738 1.795 -12.561 73.763
0.425 1.924 -12.745 73.676
0.304 1.953 -13.054 73.639
0.588 1.787 -13.639 73.577
0.88 1.625 -14.26 73.514
1.122 1.356 -14.4 73.417
1.325 0.994 -14.136 73.424
1.524 0.645 -13.911 73.376
1.584 0.34 -13.619 73.302
1.614 0.05 -13.315 73.278
1.582 -0.238 -13.004 73.236
1.356 -0.501 -12.656 73.161
1.104 -0.778 -12.328 73.107
1.03 -0.908 -11.776 73.032
1.15 -0.88 -10.979 72.943
1.241 -0.857 -10.21 72.862
0.92 -0.598 -9.679 72.8
0.402 -0.217 -9.259 72.751
0.005 0.041 -8.788 72.643
-0.038 -0.09 -8.187 72.602
-0.044 -0.289 -7.574 72.504
0.003 -0.321 -6.926 72.416
0.142 -0.135 -6.228 72.322
0.275 0.035 -5.526 72.221
0.46 0.578 -5.276 72.14
0.674 1.334 -5.277 72.021
0.883 2.029 -5.254 71.906
1.077 2.554 -5.312 71.785
1.29 3.053 -5.374 71.684
1.348 3.506 -5.468 71.591
1.131 3.849 -5.623 71.476
0.911 4.222 -5.775 71.357
0.824 4.095 -5.979 71.25
0.83 3.615 -6.221 71.131
0.846 3.158 -6.451 71.014
1.066 2.517 -6.621 70.897
1.329 1.817 -6.775 70.774
1.628 1.233 -6.93 70.654
2.022 0.901 -7.065 70.539
2.452 0.578 -7.23 70.428
2.462 0.229 -7.034 70.32
2.085 -0.147 -6.499 70.198
1.741 -0.507 -6.02 70.087
1.317 -0.623 -5.93 69.962
0.854 -0.649 -5.975 69.844
0.475 -0.703 -6.043 69.721
0.359 -0.801 -6.254 69.598
0.239 -0.893 -6.498 69.474
0.342 -1.079 -6.521 69.356
0.716 -1.379 -6.286 69.235
1.064 -1.672 -6.066 69.108
0.905 -1.826 -5.661 68.984
0.482 -1.937 -5.169 68.854
0.192 -1.945 -4.707 68.73
0.309 -1.441 -4.343 68.609
0.471 -0.885 -3.951 68.488
0.745 -0.211 -3.876 68.361
1.209 0.664 -4.285 68.242
1.674 1.548 -4.69 68.119
1.782 1.844 -4.622 67.991
1.676 1.793 -4.265 67.866
1.564 1.726 -3.928 67.747
1.231 1.261 -3.497 67.632
0.836 0.677 -3 67.504
0.569 0.376 -2.827 67.389
0.541 0.602 -3.29 67.282
0.51 0.825 -3.756 67.163
0.541 1.143 -4.191 67.063
0.624 1.541 -4.609 66.965
0.695 1.91 -4.999 66.869
0.675 2.03 -5.048 66.781
0.651 2.095 -5.008 66.699
0.502 2.06 -4.929 66.621
0.029 1.741 -4.703 66.521
-0.483 1.375 -4.462 66.452
-0.725 1.386 -4.33 66.452
-0.693 1.782 -4.308 66.473
-0.687 2.125 -4.272 66.452
-0.649 1.997 -4.094 66.634
-0.628 1.679 -3.867 66.651
-0.486 1.377 -3.599 66.73
0.07 1.018 -3.163 66.749
0.694 0.64 -2.685 66.741
1.085 0.408 -2.426 66.685
1.188 0.365 -2.445 66.66
1.306 0.31 -2.448 66.61
1.454 0.44 -2.258 66.589
1.617 0.67 -1.955 66.636
1.795 0.862 -1.708 66.633
2.03 0.925 -1.653 66.807
2.311 0.988 -1.641 66.95
2.336 0.907 -1.548 67.108
1.938 0.576 -1.336 67.394
1.54 0.249 -1.121 67.757
1.388 -0.003 -1.039 68.16
1.414 -0.202 -1.047 68.31
1.386 -0.41 -1.048 68.386
1.141 -0.616 -1.094 68.807
0.817 -0.841 -1.141 69.002
0.642 -0.956 -1.243 69.317
0.762 -0.835 -1.46 69.328
0.897 -0.695 -1.703 69.54
0.911 -0.788 -1.616 69.684
0.823 -1.092 -1.233 69.867
0.74 -1.343 -0.911 70.007
0.589 -1.118 -1.001 70.178
0.409 -0.746 -1.233 70.175
0.278 -0.324 -1.436 70.321
0.276 0.319 -1.628 70.528
0.291 1.004 -1.83 70.704
0.216 1.385 -1.902 70.782
0.04 1.43 -1.824 70.832
-0.122 1.506 -1.764 70.931
-0.009 1.768 -1.888 70.928
0.237 2.123 -2.107 70.962
0.414 2.438 -2.263 71.116
0.407 2.642 -2.237 71.302
0.374 2.848 -2.177 71.322
0.347 2.931 -2.194 71.323
0.319 2.833 -2.314 71.475
0.29 2.746 -2.43 71.521
0.503 2.608 -2.599 71.483
0.874 2.454 -2.814 71.518
1.143 2.251 -2.95 71.544
0.935 1.745 -2.644 71.602
0.63 1.172 -2.256 71.599
0.378 0.689 -1.869 71.584
0.187 0.353 -1.454 71.541
-0.01 0.008 -1.02 71.479
-0.059 -0.181 -0.993 71.442
-0.003 -0.253 -1.276 71.362
0.06 -0.345 -1.494 71.267
0.31 -0.505 -1.44 71.183
0.61 -0.671 -1.309 71.095
0.885 -0.918 -1.178 71.053
1.118 -1.356 -1.013 70.955
1.352 -1.832 -0.835 70.863
1.566 -1.937 -0.833 70.809
1.769 -1.689 -1.008 70.743
1.951 -1.475 -1.142 70.663
1.738 -1.294 -0.881 70.588
1.361 -1.115 -0.444 70.524
1.096 -1.016 -0.159 70.419
1.103 -1.185 -0.274 70.321
1.142 -1.386 -0.435 70.239
1.125 -1.479 -0.507 70.167
1.05 -1.444 -0.482 70.055
0.977 -1.419 -0.464 69.975
0.902 -1.429 -0.412 69.904
0.816 -1.473 -0.349 69.831
0.775 -1.447 -0.273 69.745
0.915 -1.111 -0.145 69.663
1.115 -0.742 0.009 69.625
1.072 -0.283 0.039 69.606
0.661 0.334 -0.122 69.599
0.251 0.95 -0.275 69.597
0.148 1.424 -0.537 69.552
0.243 1.814 -0.883 69.537
0.31 2.184 -1.158 69.493
0.379 2.348 -1.01 69.49
0.438 2.447 -0.782 69.558
0.539 2.681 -0.486 69.608
0.719 3.158 -0.013 69.588
0.911 3.669 0.469 69.639
0.924 3.681 0.804 69.584
0.788 3.274 1.024 69.494
0.681 2.952 1.241 69.547
0.735 3.065 1.224 69.512
0.84 3.339 1.159 69.42
0.938 3.477 1.003 69.334
1.043 3.308 0.581 69.226
1.156 3.159 0.115 69.172
1.178 2.596 -0.031 69.083
1.101 1.588 0.154 69.024
1.04 0.634 0.304 68.961
1.191 0.129 0.228 68.884
1.427 -0.185 0.055 68.845
1.672 -0.523 -0.115 68.786
1.993 -0.825 -0.33 68.756
2.343 -1.131 -0.571 68.675
2.515 -1.396 -0.617 68.685
2.45 -1.607 -0.401 68.584
2.398 -1.822 -0.201 68.51
2.165 -2.004 0.017 68.429
1.834 -2.187 0.242 68.368
1.523 -2.3 0.457 68.348
1.259 -2.034 0.605 68.345
0.986 -1.704 0.77 68.307
0.84 -1.379 0.741 68.272
0.92 -1.036 0.379 68.292
0.994 -0.692 0.008 68.328
1.12 -0.422 -0.056 68.454
1.298 -0.205 0.082 68.424
1.4 0.021 0.25 68.376
0.948 0.267 0.807 68.294
0.339 0.513 1.532 68.266
-0.145 0.794 1.805 68.308
-0.406 1.14 1.103 68.344
-0.68 1.527 0.372 68.367
-0.687 1.372 -0.306 68.382
-0.451 0.716 -0.953 68.399
-0.244 0.167 -1.569 68.34
-0.088 0.447 -1.659 68.223
0.042 1.048 -1.571 68.158
0.187 1.446 -1.503 68.075
0.367 1.389 -1.398 68.132
0.538 1.303 -1.278 68.225
0.823 1.133 -1.322 68.588
1.242 0.852 -1.556 68.688
1.642 0.585 -1.777 68.621
1.575 0.597 -1.859 68.652
1.283 0.737 -1.905 68.582
1.072 0.859 -1.825 68.599
1.056 0.994 -1.185 68.656
1.048 1.125 -0.452 68.635
1.211 1.287 0.115 68.604
1.634 1.491 0.459 68.561
2.056 1.701 0.821 68.525
1.949 1.646 0.77 68.627
1.519 1.45 0.478 68.628
1.146 1.204 0.201 68.661
0.848 0.542 -0.177 68.639
0.55 -0.241 -0.613 68.582
0.387 -0.747 -0.777 68.751
0.49 -0.752 -0.426 69.236
0.59 -0.77 -0.08 69.797
0.732 -0.558 0.35 70.479
0.909 -0.158 0.866 71.054
1.069 0.18 1.288 71.418
1.086 0.126 0.884 71.761
1.068 -0.054 0.207 72.064
1.019 -0.151 -0.209 72.737
0.868 -0.098 -0.094 73.317
0.716 -0.04 0.044 73.562
0.514 0.049 0.227 74.195
0.253 0.165 0.461 74.446
0.024 0.296 0.688 74.842
0.309 0.746 0.799 74.924
0.824 1.34 0.896 74.901
1.147 1.809 0.838 74.941
0.938 1.915 0.233 75.036
0.676 2.004 -0.442 74.994
0.428 1.946 -0.931 74.974
0.18 1.689 -1.201 75.061
-0.067 1.444 -1.481 75.007
-0.207 1.1 -1.145 75.085
-0.3 0.688 -0.468 75.064
-0.367 0.374 0.014 75.008
-0.263 0.484 -0.191 75.047
-0.137 0.676 -0.513 75.029
0.006 0.741 -0.78 74.971
0.186 0.623 -0.999 74.917
0.372 0.514 -1.222 74.856
0.31 0.256 -1.35 74.759
0.074 -0.106 -1.427 74.747
-0.103 -0.431 -1.468 74.717
-0.028 -0.607 -1.187 74.631
0.11 -0.73 -0.836 74.526
0.229 -0.959 -0.487 74.467
0.335 -1.381 -0.113 74.373
0.436 -1.843 0.266 74.274
0.576 -1.786 0.582 74.199
0.746 -1.291 0.859 74.112
0.916 -0.85 1.09 74.014
1.106 -0.49 0.666 73.92
1.326 -0.164 0.019 73.831
1.417 0.171 -0.497 73.77
1.154 0.49 -0.74 73.684
0.868 0.85 -0.999 73.569
0.601 0.789 -0.891 73.459
0.344 0.269 -0.374 73.374
0.095 -0.199 0.091 73.268
0.161 -0.157 0.054 73.154
0.346 0.113 -0.248 73.039
0.583 0.331 -0.302 72.92
1.069 0.493 0.375 72.827
1.641 0.657 1.261 72.719
1.735 0.711 1.186 72.61
1.176 0.611 -0.185 72.53
0.647 0.514 -1.503 72.421
0.25 0.81 -2.494 72.329
-0.075 1.341 -3.354 72.219
-0.374 1.785 -3.964 72.132
-0.439 1.948 -2.937 72.048
-0.494 2.026 -1.729 71.961
-0.367 2.319 0.145 71.854
0.111 2.954 3.244 71.765
0.548 3.628 6.539 71.692
1.782 3.432 5.375 71.6
3.642 2.568 0.865 71.512
5.216 1.948 -2.753 71.416
4.9 2.666 -2.299 71.33
4.126 3.828 -0.631 71.276
3.178 4.452 0.319 71.399
1.6 3.992 0.142 71.657
-0.047 3.502 -0.076 71.902
-0.945 2.92 -0.485 72.523
-1.162 2.242 -1.105 72.838
-1.412 1.57 -1.64 73.026
-1.071 0.818 -1.239 73.333
-0.527 0.015 -0.433 73.492
-0.043 -0.658 -0.023 73.817
0.366 -0.961 -0.652 73.918
0.771 -1.192 -1.386 74.063
1.123 -1.82 -1.944 74.249
1.407 -2.908 -2.323 74.371
1.696 -3.963 -2.703 74.382
1.788 -4.304 -2.203 74.459
1.8 -4.346 -1.276 74.531
1.769 -4.246 -0.478 74.588
1.485 -3.337 0.023 74.615
1.164 -2.234 0.53 74.566
0.886 -1.805 0.636 74.458
0.665 -2.351 0.116 74.425
0.436 -2.896 -0.391 74.487
0.44 -2.248 -0.438 74.445
0.584 -0.846 -0.191 74.362
0.723 0.404 0.002 74.267
0.973 1.291 0.055 74.208
1.225 2.174 0.148 74.162
1.584 2.532 -0.227 74.088
2.148 1.826 -1.52 74.032
2.739 1.086 -2.862 73.955
2.939 0.917 -3.499 73.872
2.848 1.201 -3.628 73.783
2.719 1.438 -3.628 73.732
1.849 1.696 -1.645 73.642
0.716 1.977 1.017 73.561
-0.092 2.119 2.978 73.465
-0.154 1.903 3.399 73.358
-0.199 1.663 3.782 73.274
-0.009 1.516 3.696 73.24
0.433 1.458 3.108 73.168
0.848 1.393 2.574 73.1
1.205 1.322 2.151 73.069
1.53 1.252 1.784 73.03
1.878 1.155 1.392 73.122
2.259 0.984 0.952 73.059
2.694 0.771 0.497 73.076
2.703 0.837 0.124 73.109
2.157 1.263 -0.141 73.138
1.644 1.669 -0.415 73.279
1.348 2.585 -0.318 73.278
1.187 3.81 -0.037 73.348
0.937 4.789 0.249 73.546
0.362 4.744 0.688 73.806
-0.303 4.532 1.183 73.983
-0.716 4.321 1.424 74.073
-0.722 4.038 1.243 74.16
-0.752 3.771 1.08 74.201
-0.4 3.331 0.742 74.258
0.222 2.796 0.301 74.242
0.754 2.203 -0.182 74.25
0.908 1.106 -1.036 74.287
0.911 -0.165 -2.052 74.392
1.256 -1.088 -2.614 74.27
2.282 -1.3 -2.232 74.136
3.35 -1.504 -1.822 74.001